ID,GeneID,geneSymbol,chr,strand,exonStart_0base,exonEnd,upstreamES,upstreamEE,downstreamES,downstreamEE,ID,IJC_SAMPLE_1,SJC_SAMPLE_1,IJC_SAMPLE_2,SJC_SAMPLE_2,IncFormLen,SkipFormLen,PValue,FDR,IncLevel1,IncLevel2,IncLevelDifference,Event_Type
200,ENSMUSG00000033389.16,Arhgap44,chr11,-,65011870,65012098,65009881,65010039,65021940,65022121,200,"138,189,108","19,2,2","191,187,110","3,0,0",327,99,1.54E-05,0.01108693,"0.687,0.966,0.942","0.951,1.0,1.0",-0.119,SE
201,ENSMUSG00000033389.16,Arhgap44,chr11,-,65012906,65012924,65009881,65010039,65021940,65022121,201,"4,4,5","19,2,2","10,5,8","3,0,0",117,99,0.000133715,0.029339883,"0.151,0.629,0.679","0.738,1.0,1.0",-0.426,SE
275,ENSMUSG00000011958.17,Bnip2,chr9,+,70004305,70004341,70003568,70003667,70007063,70008317,275,"111,87,64","68,39,44","51,63,52","94,70,50",135,99,8.04E-05,0.021996244,"0.545,0.621,0.516","0.285,0.398,0.433",0.189,SE
724,ENSMUSG00000073856.11,Iqck,chr7,+,118872820,118872885,118855774,118855961,118876241,118876371,724,"3,2,1","0,0,0","3,0,0","0,3,2",164,99,9.38E-07,0.002037013,"1.0,1.0,1.0","1.0,0.0,0.0",0.667,SE
725,ENSMUSG00000073856.11,Iqck,chr7,+,118872820,118872894,118855774,118855961,118876241,118876371,725,"5,8,2","0,0,0","5,1,1","0,3,2",173,99,0.000140247,0.029975869,"1.0,1.0,1.0","1.0,0.16,0.222",0.539,SE
744,ENSMUSG00000086363.7,A330102I10Rik,chr13,+,29030157,29030241,29023175,29023212,29039942,29040336,744,"1,3,4","0,0,0","1,0,1","0,3,2",183,99,2.71E-07,0.000861011,"1.0,1.0,1.0","1.0,0.0,0.213",0.596,SE
1314,ENSMUSG00000027575.19,Arfgap1,chr2,+,180967533,180967814,180967244,180967329,180971050,180971114,1314,"155,192,126","29,24,15","182,161,123","0,24,0",380,99,0.000106258,0.025668996,"0.582,0.676,0.686","1.0,0.636,1.0",-0.231,SE
1315,ENSMUSG00000027575.19,Arfgap1,chr2,+,180967601,180967814,180967233,180967329,180971050,180971114,1315,"182,227,167","29,24,15","240,199,163","0,24,0",312,99,3.49E-05,0.015638449,"0.666,0.75,0.779","1.0,0.725,1.0",-0.177,SE
1429,ENSMUSG00000035284.10,Vps13c,chr9,+,67983322,67983406,67982504,67982619,67987962,67988051,1429,"81,35,41","19,12,11","91,58,56","11,4,2",183,99,7.33E-05,0.021026827,"0.698,0.612,0.668","0.817,0.887,0.938",-0.221,SE
1719,ENSMUSG00000034151.13,Zbbx,chr3,-,75071631,75071782,75052372,75052630,75078387,75078677,1719,"5,2,3","2,1,2","6,2,2","0,0,0",250,99,1.05E-05,0.009645762,"0.497,0.442,0.373","1.0,1.0,1.0",-0.563,SE
1720,ENSMUSG00000034151.13,Zbbx,chr3,-,75071631,75071782,75061360,75061655,75078387,75078677,1720,"5,3,4","0,1,5","5,4,3","0,0,0",250,99,0.000283129,0.047094142,"1.0,0.543,0.241","1.0,1.0,1.0",-0.405,SE
2151,ENSMUSG00000026189.13,Pecr,chr1,-,72275652,72275802,72274885,72274967,72277286,72277420,2151,"3,3,0","0,0,1","1,0,0","3,2,2",249,99,6.05E-06,0.006572678,"1.0,1.0,0.0","0.117,0.0,0.0",0.628,SE
2571,ENSMUSG00000071454.13,Dtnb,chr12,+,3754095,3754116,3751810,3751907,3772586,3772746,2571,"117,113,96","8,7,15","180,128,134","5,5,2",120,99,0.000179668,0.034471933,"0.923,0.93,0.841","0.967,0.955,0.982",-0.07,SE
3308,ENSMUSG00000063919.11,Srrm4,chr5,-,116454672,116454688,116453408,116453713,116467431,116467588,3308,"2,3,3","7,1,7","0,1,0","3,9,6",115,99,6.01E-05,0.020421746,"0.197,0.721,0.27","0.0,0.087,0.0",0.367,SE
3691,ENSMUSG00000015095.12,Fbxw5,chr2,+,25504179,25504327,25503436,25503866,25504416,25504629,3691,"371,467,274","7,9,3","400,349,352","0,0,2",247,99,0.000220926,0.040170687,"0.955,0.954,0.973","1.0,1.0,0.986",-0.035,SE
3757,ENSMUSG00000087301.7,Gm13629,chr2,+,66502415,66502476,66440895,66441234,66545539,66546026,3757,"5,2,4","3,1,3","3,2,5","0,0,1",160,99,2.42E-05,0.012137938,"0.508,0.553,0.452","1.0,1.0,0.756",-0.414,SE
3820,ENSMUSG00000051527.11,Usp29,chr7,+,6908285,6908385,6738792,6738945,6927451,6927516,3820,"12,34,17","119,130,87","12,11,8","154,142,127",199,99,6.55E-05,0.020476404,"0.048,0.115,0.089","0.037,0.037,0.03",0.049,SE
3925,ENSMUSG00000026238.14,Ptma,chr1,+,86527848,86528012,86526736,86526950,86528774,86528856,3925,"0,2,0","3,0,1","6,1,1","1,0,0",263,99,2.71E-06,0.004296318,"0.0,1.0,0.0","0.693,1.0,1.0",-0.564,SE
4228,ENSMUSG00000033788.15,Dysf,chr6,+,84064470,84064563,84063320,84063435,84064875,84065087,4228,"8,2,2","7,3,3","3,10,10","1,0,0",192,99,7.24E-08,0.0004267,"0.371,0.256,0.256","0.607,1.0,1.0",-0.575,SE
4326,ENSMUSG00000051285.17,Pcmtd1,chr1,+,7155079,7155271,7147636,7147739,7160891,7160902,4326,"13,52,44","216,161,129","11,27,18","265,139,129",291,99,0.000254297,0.044261671,"0.02,0.099,0.104","0.014,0.062,0.045",0.034,SE
4374,ENSMUSG00000030630.16,Fah,chr7,-,84600776,84600826,84597177,84597275,84601032,84601154,4374,"42,15,18","0,0,1","29,17,17","0,2,8",149,99,0.000132158,0.029339883,"1.0,1.0,0.923","1.0,0.85,0.585",0.163,SE
4468,ENSMUSG00000052712.16,BC004004,chr17,+,29277856,29277947,29268787,29269002,29282059,29282267,4468,"254,313,227","14,9,8","327,233,209","5,1,0",190,99,4.68E-06,0.006033529,"0.904,0.948,0.937","0.971,0.992,1.0",-0.058,SE
4535,ENSMUSG00000025602.13,Zfp202,chr9,+,40210440,40210560,40209766,40209896,40210895,40213189,4535,"18,12,13","4,3,3","23,7,18","1,0,0",219,99,5.89E-06,0.006564377,"0.67,0.644,0.662","0.912,1.0,1.0",-0.312,SE
4775,ENSMUSG00000105340.4,Gm42878,chr5,-,121537111,121537220,121535853,121535943,121538392,121538490,4775,"236,207,173","1,2,4","194,163,160","9,7,9",208,99,6.94E-05,0.020878559,"0.991,0.98,0.954","0.911,0.917,0.894",0.068,SE
4996,ENSMUSG00000031392.18,Irak1,chrX,-,74017900,74018017,74017129,74017430,74018129,74018366,4996,"7,2,2","3,3,1","1,0,1","6,1,4",216,99,7.56E-05,0.021368041,"0.517,0.234,0.478","0.071,0.0,0.103",0.352,SE
5009,ENSMUSG00000015189.12,Casd1,chr6,+,4608633,4608754,4607982,4608079,4613234,4613279,5009,"305,344,314","10,16,10","358,299,290","3,3,0",220,99,2.57E-07,0.000861011,"0.932,0.906,0.934","0.982,0.978,1.0",-0.063,SE
5041,ENSMUSG00000015968.17,Cacna1d,chr14,-,30082951,30082996,30082410,30082539,30089295,30089379,5041,"38,25,29","4,3,3","51,45,28","1,0,0",144,99,6.79E-05,0.020741994,"0.867,0.851,0.869","0.972,1.0,1.0",-0.128,SE
5402,ENSMUSG00000021725.9,Parp8,chr13,-,116902789,116902856,116895655,116895781,116910864,116910955,5402,"79,143,89","1,1,1","107,140,76","2,5,10",166,99,0.000136114,0.02958087,"0.979,0.988,0.982","0.97,0.943,0.819",0.072,SE
5718,ENSMUSG00000048442.15,Smim5,chr11,+,115902986,115903143,115900177,115900342,115905154,115905302,5718,"1,1,0","2,0,1","1,1,2","0,1,0",256,99,5.43E-05,0.020138471,"0.162,1.0,0.0","1.0,0.279,1.0",-0.372,SE
5773,ENSMUSG00000044566.15,Cage1,chr13,-,38025282,38025803,38020910,38023468,38028102,38028190,5773,"9,13,10","1,0,0","14,6,17","2,4,0",620,99,0.000106407,0.025668996,"0.59,1.0,1.0","0.528,0.193,1.0",0.29,SE
5971,ENSMUSG00000012296.16,Tjap1,chr17,-,46282345,46282439,46271799,46271929,46282959,46282997,5971,"48,46,26","1,5,7","38,35,33","1,1,0",193,99,0.000132544,0.029339883,"0.961,0.825,0.656","0.951,0.947,1.0",-0.152,SE
6919,ENSMUSG00000000392.17,Fap,chr2,-,62552273,62552326,62548569,62548642,62553782,62553857,6919,"11,10,7","1,0,0","2,2,0","2,1,2",152,99,5.70E-06,0.006564377,"0.878,1.0,1.0","0.394,0.566,0.0",0.639,SE
6942,ENSMUSG00000042476.12,Abcb4,chr5,+,8894087,8894164,8893716,8893907,8896572,8896627,6942,"3,9,4","5,2,0","3,4,1","0,0,0",176,99,9.09E-05,0.024044755,"0.252,0.717,1.0","1.0,1.0,1.0",-0.344,SE
7038,ENSMUSG00000022710.17,Usp7,chr16,-,8715744,8715919,8711993,8712192,8716514,8716619,7038,"17,24,14","181,184,153","63,32,30","208,168,149",274,99,1.38E-05,0.01108693,"0.033,0.045,0.032","0.099,0.064,0.068",-0.04,SE
7151,ENSMUSG00000086555.2,Gm13446,chr2,-,35554420,35555192,35549537,35550416,35558233,35558368,7151,"30,14,13","0,4,4","34,28,24","0,1,0",871,99,2.73E-05,0.01310917,"1.0,0.285,0.27","1.0,0.761,1.0",-0.402,SE
7584,ENSMUSG00000050334.12,C130071C03Rik,chr13,+,83730236,83730314,83721380,83721655,83872655,83872761,7584,"2,3,3","4,3,0","5,3,2","0,1,0",177,99,5.56E-05,0.020302738,"0.219,0.359,1.0","1.0,0.627,1.0",-0.35,SE
7667,ENSMUSG00000052566.8,Hook2,chr8,+,84993183,84993234,84991376,84991449,84993574,84993642,7667,"4,13,2","1,1,0","6,3,5","4,4,4",150,99,1.80E-05,0.01108693,"0.725,0.896,1.0","0.497,0.331,0.452",0.447,SE
7999,ENSMUSG00000058070.14,Eml1,chr12,+,108503182,108503233,108502389,108502418,108506478,108506608,7999,"79,86,53","236,137,96","124,60,53","82,72,63",150,99,7.62E-05,0.02137714,"0.181,0.293,0.267","0.5,0.355,0.357",-0.157,SE
8077,ENSMUSG00000021115.15,Vrk1,chr12,+,106051759,106051847,106050934,106051004,106055801,106055910,8077,"89,82,80","0,1,2","93,44,52","9,6,0",187,99,7.18E-05,0.02100067,"1.0,0.977,0.955","0.845,0.795,1.0",0.097,SE
8204,ENSMUSG00000037533.19,Rapgef6,chr11,+,54651748,54651763,54649181,54649339,54657245,54657486,8204,"33,31,29","29,34,26","46,48,60","15,16,19",114,99,1.95E-06,0.003498653,"0.497,0.442,0.492","0.727,0.723,0.733",-0.251,SE
8216,ENSMUSG00000026049.11,Tex30,chr1,-,44101899,44101957,44099847,44100001,44102327,44102391,8216,"2,2,1","15,18,7","3,6,4","3,5,5",157,99,0.000129012,0.029240989,"0.078,0.065,0.083","0.387,0.431,0.335",-0.309,SE
8802,ENSMUSG00000041565.16,L3mbtl4,chr17,+,68587096,68587199,68559748,68559863,68630184,68630358,8802,"3,3,4","0,0,0","3,7,4","2,0,4",202,99,9.29E-05,0.024260665,"1.0,1.0,1.0","0.424,1.0,0.329",0.416,SE
8969,ENSMUSG00000038347.14,Tcte2,chr17,-,13727921,13728022,13568757,13568883,13761285,13761378,8969,"0,2,0","1,4,1","1,3,2","0,0,0",200,99,7.54E-12,8.63E-08,"0.0,0.198,0.0","1.0,1.0,1.0",-0.934,SE
9272,ENSMUSG00000063179.13,Pstk,chr7,+,131384499,131384593,131383924,131384000,131387617,131387833,9272,"168,190,127","1,3,0","179,113,109","3,8,7",193,99,6.20E-05,0.020442028,"0.989,0.97,1.0","0.968,0.879,0.889",0.074,SE
9274,ENSMUSG00000063179.13,Pstk,chr7,+,131384510,131384593,131383924,131384000,131387617,131387836,9274,"71,91,49","1,3,0","88,47,44","3,8,7",182,99,9.62E-05,0.024744001,"0.975,0.943,1.0","0.941,0.762,0.774",0.147,SE
9780,ENSMUSG00000000167.14,Pih1d2,chr9,+,50620944,50621190,50618445,50618649,50621620,50621778,9780,"1,9,1","1,2,3","7,9,3","1,0,0",345,99,2.67E-06,0.004296318,"0.223,0.564,0.087","0.668,1.0,1.0",-0.598,SE
10097,ENSMUSG00000039218.16,Srrm2,chr17,+,23806931,23807202,23803186,23803398,23808065,23808173,10097,"325,262,247","6,11,11","357,316,212","3,2,2",370,99,3.76E-05,0.016306153,"0.935,0.864,0.857","0.97,0.977,0.966",-0.086,SE
10742,ENSMUSG00000004933.17,Matk,chr10,+,81260088,81260182,81259586,81259806,81260907,81260973,10742,"8,171,285,946","7,4,7","11,561,061,984","31,25,14",193,99,9.11E-08,0.000469761,"0.984,0.994,0.986","0.95,0.956,0.973",0.028,SE
10916,ENSMUSG00000056679.13,Gpr173,chrX,-,152367420,152367510,152343597,152347708,152368050,152368704,10916,"15,24,16","5,7,5","22,17,8","0,1,0",189,99,1.73E-07,0.000712185,"0.611,0.642,0.626","1.0,0.899,1.0",-0.34,SE
11038,ENSMUSG00000028999.15,Rint1,chr5,+,23805309,23805483,23800594,23800836,23805570,23805720,11038,"127,103,72","7,3,1","131,103,99","0,0,1",273,99,0.000219807,0.040170687,"0.868,0.926,0.963","1.0,1.0,0.973",-0.072,SE
11054,ENSMUSG00000034210.13,Efcab14,chr4,+,115759869,115760061,115758808,115758895,115762217,115762298,11054,"327,152,131","9,6,3","196,160,120","3,0,0",291,99,0.000220671,0.040170687,"0.925,0.896,0.937","0.957,1.0,1.0",-0.066,SE
11221,ENSMUSG00000092210.1,A930009A15Rik,chr10,+,115579800,115579929,115578274,115578361,115581989,115582448,11221,"3,5,6","4,0,2","4,1,9","0,0,0",228,99,7.78E-05,0.021545681,"0.246,1.0,0.566","1.0,1.0,1.0",-0.396,SE
11222,ENSMUSG00000109780.1,Gm45447,chr2,+,161112103,161112319,161109410,161109828,161113687,161114858,11222,"11,5,9","3,5,0","17,14,13","0,0,0",315,99,3.26E-06,0.00463612,"0.535,0.239,1.0","1.0,1.0,1.0",-0.409,SE
11284,ENSMUSG00000036196.15,Slc26a8,chr17,-,28663563,28663728,28661864,28662014,28669902,28670084,11284,"2,4,3","1,2,1","4,1,4","1,0,0",264,99,6.49E-05,0.020451175,"0.429,0.429,0.529","0.6,1.0,1.0",-0.404,SE
11534,ENSMUSG00000021900.10,Btd,chr14,+,31662069,31662325,31641056,31641135,31665881,31666031,11534,"49,21,21","1,2,4","29,29,23","0,0,0",355,99,9.84E-05,0.025056839,"0.932,0.745,0.594","1.0,1.0,1.0",-0.243,SE
11895,ENSMUSG00000057378.15,Ryr3,chr2,-,112717998,112718129,112712219,112712540,112728846,112728928,11895,"61,82,77","2,0,0","109,87,52","2,5,7",230,99,0.000105926,0.025668996,"0.929,1.0,1.0","0.959,0.882,0.762",0.109,SE
12142,ENSMUSG00000020827.18,Mink1,chr11,+,70609407,70609431,70609165,70609254,70609553,70609717,12142,"325,290,229","64,48,36","383,239,192","29,18,25",123,99,5.86E-05,0.020421746,"0.803,0.829,0.837","0.914,0.914,0.861",-0.073,SE
12298,ENSMUSG00000020389.19,Cdkl3,chr11,+,52040560,52040620,52035946,52036020,52084370,52084490,12298,"10,1,1","0,2,0","0,2,1","6,1,2",159,99,4.74E-05,0.018612087,"1.0,0.237,1.0","0.0,0.555,0.237",0.482,SE
12431,ENSMUSG00000078671.11,Chd2,chr7,-,73435734,73435978,73426637,73430000,73441585,73441679,12431,"130,131,105","5,3,4","150,112,116","0,0,1",343,99,6.98E-05,0.020878559,"0.882,0.926,0.883","1.0,1.0,0.971",-0.093,SE
12647,ENSMUSG00000029207.16,Apbb2,chr5,-,66323601,66323607,66313314,66313429,66337465,66337682,12647,"15,10,8","7,1,0","6,7,7","0,0,0",105,99,0.000181339,0.034519165,"0.669,0.904,1.0","1.0,1.0,1.0",-0.142,SE
12866,ENSMUSG00000034023.16,Fancd2,chr6,+,113586209,113586248,113585471,113585543,113587381,113587456,12866,"2,8,5","0,0,0","11,0,7","0,3,4",138,99,0.000153379,0.031635236,"1.0,1.0,1.0","1.0,0.0,0.557",0.481,SE
12935,ENSMUSG00000060771.14,Tsga10,chr1,-,37783816,37784026,37763306,37763509,37801719,37801905,12935,"16,24,21","1,0,0","23,15,22","2,3,3",309,99,6.06E-05,0.020421746,"0.837,1.0,1.0","0.787,0.616,0.701",0.244,SE
13077,ENSMUSG00000025571.13,Tnrc6c,chr11,+,117741644,117741818,117739866,117740009,117742926,117743064,13077,"74,57,49","0,2,8","124,69,69","1,0,0",273,99,0.000104918,0.025668996,"1.0,0.912,0.69","0.978,1.0,1.0",-0.125,SE
13078,ENSMUSG00000025571.13,Tnrc6c,chr11,+,117741668,117741818,117739866,117740009,117742926,117743064,13078,"94,90,55","0,2,8","137,95,81","1,0,0",249,99,0.000302365,0.049239116,"1.0,0.947,0.732","0.982,1.0,1.0",-0.101,SE
13471,ENSMUSG00000043251.6,Exoc3l,chr8,-,105295259,105295435,105294964,105295184,105295625,105295706,13471,"3,1,5","0,0,1","1,1,3","1,4,0",275,99,0.000211104,0.039226366,"1.0,1.0,0.643","0.265,0.083,1.0",0.432,SE
13783,ENSMUSG00000026173.15,Plcd4,chr1,+,74562713,74562830,74560426,74560493,74564376,74564512,13783,"1,3,1","0,1,0","0,0,0","2,3,1",216,99,3.11E-07,0.000917214,"1.0,0.579,1.0","0.0,0.0,0.0",0.86,SE
13824,ENSMUSG00000031289.10,Il13ra2,chrX,-,147384443,147384559,147383475,147383677,147388213,147388358,13824,"2,3,1","2,2,1","7,1,6","2,0,0",215,99,0.000182136,0.034519165,"0.315,0.409,0.315","0.617,1.0,1.0",-0.526,SE
14317,ENSMUSG00000020755.9,Sap30bp,chr11,+,115938009,115938057,115935365,115935475,115951966,115952009,14317,"240,234,178","21,21,21","221,215,160","46,41,30",147,99,8.54E-05,0.02288076,"0.885,0.882,0.851","0.764,0.779,0.782",0.098,SE
14379,ENSMUSG00000075225.14,Ccdc162,chr10,-,41546882,41547003,41541773,41541901,41550721,41550931,14379,"0,1,0","1,0,1","1,2,2","2,0,0",220,99,1.22E-05,0.010721048,"0.0,1.0,0.0","0.184,1.0,1.0",-0.395,SE
14718,ENSMUSG00000098097.7,6530403H02Rik,chr3,-,120797591,120797669,120772681,120772787,120886512,120886714,14718,"3,5,3","2,6,1","1,0,0","2,3,2",177,99,1.99E-05,0.011294657,"0.456,0.318,0.627","0.219,0.0,0.0",0.394,SE
14807,ENSMUSG00000066800.11,Rnasel,chr1,+,153753606,153755213,153751967,153752947,153755950,153756036,14807,"17,27,23","2,5,3","60,13,21","0,0,0",1706,99,8.37E-12,8.63E-08,"0.33,0.239,0.308","1.0,1.0,1.0",-0.708,SE
14808,ENSMUSG00000066800.11,Rnasel,chr1,+,153753634,153755213,153752844,153752947,153755950,153756036,14808,"10,19,13","2,5,3","31,10,14","0,0,0",1678,99,5.85E-12,8.63E-08,"0.228,0.183,0.204","1.0,1.0,1.0",-0.795,SE
14829,ENSMUSG00000032123.5,Dpagt1,chr9,+,44327551,44327672,44326550,44327205,44327952,44328166,14829,"39,50,19","0,0,0","44,34,32","6,1,2",220,99,3.48E-05,0.015638449,"1.0,1.0,1.0","0.767,0.939,0.878",0.139,SE
15062,ENSMUSG00000020817.16,Rabep1,chr11,+,70884764,70884968,70844974,70845008,70893568,70893688,15062,"13,9,8","0,0,1","6,2,9","4,3,0",303,99,3.19E-05,0.014774476,"1.0,1.0,0.723","0.329,0.179,1.0",0.405,SE
15418,ENSMUSG00000032246.14,Calml4,chr9,+,62868676,62868817,62858241,62858272,62871265,62871454,15418,"32,30,13","1,0,0","26,17,24","6,0,2",240,99,0.00016192,0.032340329,"0.93,1.0,1.0","0.641,1.0,0.832",0.152,SE
15433,ENSMUSG00000031012.17,Cask,chrX,-,13552372,13552441,13549164,13549361,13554877,13554946,15433,"131,170,108","10,3,7","152,151,116","0,2,1",168,99,1.69E-05,0.01108693,"0.885,0.971,0.901","1.0,0.978,0.986",-0.069,SE
15508,ENSMUSG00000032336.17,Nptn,chr9,+,58618662,58619010,58582239,58582526,58623686,58623855,15508,"120,712,621,072","730,866,574","182,414,381,197","735,652,546",447,99,0.000258094,0.04473379,"0.268,0.244,0.293","0.355,0.328,0.327",-0.068,SE
15785,ENSMUSG00000025026.14,Add3,chr19,+,53203413,53203475,53142755,53143089,53216800,53217015,15785,"6,4,5","19,27,14","0,0,0","26,36,23",161,99,3.69E-07,0.001013728,"0.163,0.083,0.18","0.0,0.0,0.0",0.142,SE
15922,ENSMUSG00000054099.11,Slc25a40,chr5,+,8427195,8427267,8422849,8423039,8427407,8427516,15922,"22,24,11","8,7,4","13,21,25","1,2,0",171,99,1.46E-05,0.01108693,"0.614,0.665,0.614","0.883,0.859,1.0",-0.283,SE
16260,ENSMUSG00000026766.16,Mmadhc,chr2,-,50280572,50280658,50279880,50280402,50281102,50281189,16260,"13,8,6","140,211,123","0,2,1","162,132,142",185,99,0.00023536,0.04221234,"0.047,0.02,0.025","0.0,0.008,0.004",0.027,SE
16356,ENSMUSG00000021541.13,Trpc7,chr13,-,56831269,56831450,56822424,56822641,56860889,56861072,16356,"4,9,2","0,1,0","7,2,1","2,1,2",280,99,2.12E-05,0.0113612,"1.0,0.761,1.0","0.553,0.414,0.15",0.548,SE
16357,ENSMUSG00000021541.13,Trpc7,chr13,-,56831285,56831450,56822424,56822641,56860889,56861072,16357,"7,14,4","0,1,0","10,4,3","2,1,2",264,99,0.000291362,0.048075875,"1.0,0.84,1.0","0.652,0.6,0.36",0.409,SE
16399,ENSMUSG00000037608.16,Bclaf1,chr10,+,20327163,20327391,20326044,20326099,20328101,20328207,16399,"15,23,21","321,384,307","49,29,31","310,310,311",327,99,0.000128604,0.029240989,"0.014,0.018,0.02","0.046,0.028,0.029",-0.017,SE
16532,ENSMUSG00000020212.14,Mdm1,chr10,+,118156833,118156863,118152174,118152274,118157194,118157370,16532,"15,14,14","0,0,0","24,12,21","1,4,5",129,99,1.21E-05,0.010721048,"1.0,1.0,1.0","0.949,0.697,0.763",0.197,SE
16675,ENSMUSG00000033055.10,Ankrd54,chr15,-,79054265,79054314,79053573,79054084,79054495,79054603,16675,"5,5,4","20,33,22","1,1,0","28,27,14",148,99,0.000144604,0.030434023,"0.143,0.092,0.108","0.023,0.024,0.0",0.099,SE
16695,ENSMUSG00000062991.7,Nrg1,chr8,-,31837669,31837728,31826252,31826355,31849309,31849439,16695,"14,12,16","1,0,0","17,8,8","3,1,3",158,99,0.000239579,0.042782919,"0.898,1.0,1.0","0.78,0.834,0.626",0.219,SE
16739,ENSMUSG00000033157.16,Abhd10,chr16,-,45740318,45740502,45737523,45737635,45742776,45742955,16739,"156,125,89","0,0,0","123,118,101","4,7,0",283,99,0.000128394,0.029240989,"1.0,1.0,1.0","0.915,0.855,1.0",0.077,SE
17007,ENSMUSG00000031167.16,Rbm3,chrX,-,8144174,8144445,8143847,8143947,8144572,8144679,17007,"29,7,6","3,421,001,721","48,19,23","338,447,325",370,99,8.02E-06,0.008067095,"0.022,0.002,0.002","0.037,0.011,0.019",-0.014,SE
17031,ENSMUSG00000042761.14,Mrap2,chr9,+,87144530,87144675,87144342,87144397,87144976,87145157,17031,"14,10,7","1,4,1","11,5,7","0,0,0",244,99,0.000159437,0.03208265,"0.85,0.504,0.74","1.0,1.0,1.0",-0.302,SE
17754,ENSMUSG00000049606.16,Zfp644,chr5,-,106681903,106682013,106666784,106666845,106690670,106690877,17754,"0,0,1","1,1,0","1,1,1","0,0,1",209,99,0.000229279,0.041482489,"0.0,0.0,1.0","1.0,1.0,0.321",-0.44,SE
17760,ENSMUSG00000049606.16,Zfp644,chr5,-,106681903,106682013,106679679,106679743,106696531,106696564,17760,"2,5,2","1,0,0","4,4,3","4,6,4",209,99,5.77E-06,0.006564377,"0.486,1.0,1.0","0.321,0.24,0.262",0.554,SE
17832,ENSMUSG00000039375.16,Wdr17,chr8,-,54693056,54693240,54690003,54690234,54724287,54724348,17832,"85,106,61","0,2,0","89,55,67","4,5,4",283,99,2.55E-05,0.012498658,"1.0,0.949,1.0","0.886,0.794,0.854",0.138,SE
17834,ENSMUSG00000039375.16,Wdr17,chr8,-,54696268,54696397,54690003,54690234,54724287,54724348,17834,"22,24,18","0,2,0","20,21,20","4,5,4",228,99,1.94E-05,0.011294657,"1.0,0.839,1.0","0.685,0.646,0.685",0.274,SE
17838,ENSMUSG00000039375.16,Wdr17,chr8,-,54703833,54703939,54690003,54690234,54724287,54724388,17838,"11,16,11","0,2,0","26,7,16","4,5,4",205,99,0.000109269,0.026175976,"1.0,0.794,1.0","0.758,0.403,0.659",0.325,SE
17883,ENSMUSG00000032409.15,Atr,chr9,+,95905737,95905858,95903662,95903778,95907295,95907433,17883,"36,45,37","1,0,1","38,36,29","6,2,4",220,99,4.37E-05,0.017846887,"0.942,1.0,0.943","0.74,0.89,0.765",0.163,SE
18380,ENSMUSG00000026825.17,Dnm1,chr2,-,32310450,32310487,32308470,32309064,32312126,32312342,18380,"474,342,304","125,106,92","445,335,298","227,155,108",136,99,0.000244807,0.043341336,"0.734,0.701,0.706","0.588,0.611,0.668",0.091,SE
18616,ENSMUSG00000025558.17,Dock9,chr14,-,121592393,121592427,121591811,121591948,121594335,121594383,18616,"1,2,1","7,7,8","9,3,6","3,2,5",133,99,1.80E-05,0.01108693,"0.096,0.175,0.085","0.691,0.528,0.472",-0.445,SE
18725,ENSMUSG00000026656.15,Fcgr2b,chr1,-,170963324,170963465,170961195,170961233,170965701,170965824,18725,"0,2,0","5,2,1","9,7,7","5,5,8",240,99,0.00012636,0.029119942,"0.0,0.292,0.0","0.426,0.366,0.265",-0.255,SE
19027,ENSMUSG00000032384.16,Csnk1g1,chr9,+,66019801,66019912,66012746,66012854,66032238,66032345,19027,"93,95,68","9,4,4","92,102,61","2,0,1",210,99,5.10E-05,0.019315228,"0.83,0.918,0.889","0.956,1.0,0.966",-0.095,SE
19327,ENSMUSG00000049571.18,Cfap46,chr7,-,139613508,139613588,139611976,139612129,139614406,139614504,19327,"4,4,12","1,1,1","1,6,4","7,3,4",179,99,0.000176886,0.034235566,"0.689,0.689,0.869","0.073,0.525,0.356",0.431,SE
19392,ENSMUSG00000040938.16,Slc16a11,chr11,+,70215283,70216051,70214954,70215098,70216136,70216412,19392,"65,71,54","1,0,0","81,70,45","1,3,6",867,99,2.09E-05,0.0113612,"0.881,1.0,1.0","0.902,0.727,0.461",0.264,SE
19842,ENSMUSG00000030990.18,Pgap2,chr7,+,102236093,102236346,102226270,102226445,102236447,102236542,19842,"62,47,35","0,5,5","41,38,25","1,0,0",352,99,0.000105487,0.025668996,"1.0,0.726,0.663","0.92,1.0,1.0",-0.177,SE
20111,ENSMUSG00000031864.16,Ints10,chr8,+,68825051,68825129,68822156,68822250,68827276,68827501,20111,"56,68,35","28,28,17","85,66,67","22,8,10",177,99,0.000133169,0.029339883,"0.528,0.576,0.535","0.684,0.822,0.789",-0.219,SE
20173,ENSMUSG00000097452.2,Gm2824,chr15,-,24985603,24986008,24981619,24983380,25027225,25027358,20173,"9,10,15","0,1,0","16,2,7","3,7,3",504,99,2.01E-07,0.000754165,"1.0,0.663,1.0","0.512,0.053,0.314",0.595,SE
20187,ENSMUSG00000032525.15,Nktr,chr9,+,121738387,121740075,121731477,121731565,121741121,121741151,20187,"10,10,16","34,21,16","4,3,1","33,26,25",1787,99,0.000308935,0.049587028,"0.016,0.026,0.052","0.007,0.006,0.002",0.026,SE
20664,ENSMUSG00000079037.9,Prnp,chr2,+,131917385,131917413,131912194,131912292,131918027,131918158,20664,"0,0,0","7,9,6","10,4,5","5,1,4",127,99,1.37E-11,1.13E-07,"0.0,0.0,0.0","0.609,0.757,0.494",-0.62,SE
20834,ENSMUSG00000040640.11,Erc2,chr14,+,27628411,27628465,27623598,27623749,27652686,27653483,20834,"4,4,2","71,78,59","5,19,9","69,62,56",153,99,0.000118773,0.027525302,"0.035,0.032,0.021","0.045,0.165,0.094",-0.072,SE
21164,ENSMUSG00000027210.20,Meis2,chr2,-,115866809,115866904,115863063,115864513,115867268,115867358,21164,"265,232,306","10,11,7","444,234,194","4,1,3",194,99,0.000105009,0.025668996,"0.931,0.915,0.957","0.983,0.992,0.971",-0.048,SE
21173,ENSMUSG00000025271.13,Pfkfb1,chrX,+,150589952,150590084,150588944,150589044,150608585,150608711,21173,"5,0,8","0,3,2","9,2,6","0,0,0",231,99,0.000296909,0.048733934,"1.0,0.0,0.632","1.0,1.0,1.0",-0.456,SE
21714,ENSMUSG00000055313.14,Pgbd1,chr13,-,21428267,21428362,21421851,21423624,21433390,21433542,21714,"4,3,6","1,1,0","2,5,2","6,3,4",194,99,2.70E-05,0.01310917,"0.671,0.605,1.0","0.145,0.46,0.203",0.489,SE
21715,ENSMUSG00000055313.14,Pgbd1,chr13,-,21428267,21428378,21421277,21423624,21433390,21433542,21715,"13,4,11","1,1,0","6,11,3","6,3,4",210,99,1.37E-05,0.01108693,"0.86,0.653,1.0","0.32,0.634,0.261",0.433,SE
21897,ENSMUSG00000060450.13,Rnf14,chr18,+,38307864,38308395,38300428,38300590,38313211,38313384,21897,"50,62,47","0,2,0","44,48,38","2,2,4",630,99,0.00027008,0.046037555,"1.0,0.83,1.0","0.776,0.79,0.599",0.222,SE
22241,ENSMUSG00000033434.15,Gtpbp6,chr5,-,110106869,110106940,110106652,110106742,110107059,110107197,22241,"16,31,18","7,18,13","40,48,36","13,2,2",170,99,8.20E-05,0.022263052,"0.571,0.501,0.446","0.642,0.933,0.913",-0.323,SE
22277,ENSMUSG00000028107.14,Tars2,chr3,-,95748486,95748554,95748041,95748140,95750338,95750417,22277,"72,73,42","1,0,1","39,60,51","10,1,4",167,99,1.89E-05,0.011289614,"0.977,1.0,0.961","0.698,0.973,0.883",0.128,SE
22278,ENSMUSG00000028107.14,Tars2,chr3,-,95748486,95748633,95748041,95748140,95750338,95750417,22278,"152,167,100","1,0,1","140,124,105","10,1,4",246,99,3.88E-05,0.016451035,"0.984,1.0,0.976","0.849,0.98,0.914",0.072,SE
22329,ENSMUSG00000030237.14,Slco1a4,chr6,-,141855212,141855289,141845408,141845518,141856123,141856171,22329,"146,208,189","0,2,0","55,127,85","6,4,5",176,99,3.26E-06,0.00463612,"1.0,0.983,1.0","0.838,0.947,0.905",0.098,SE
22409,ENSMUSG00000046822.12,Slc39a3,chr10,-,81036987,81037111,81033856,81033933,81037203,81037282,22409,"1,0,1","5,1,3","2,2,1","1,0,1",223,99,0.000162286,0.032340329,"0.082,0.0,0.129","0.47,1.0,0.307",-0.522,SE
22880,ENSMUSG00000057110.15,Cntrl,chr2,+,35116671,35116802,35113323,35113454,35118054,35118196,22880,"27,31,25","0,0,1","38,28,17","3,5,2",230,99,2.34E-05,0.011894575,"1.0,1.0,0.915","0.845,0.707,0.785",0.193,SE
22983,ENSMUSG00000038872.10,Zfhx3,chr8,+,108000705,108000782,107942643,107942700,108133416,108133484,22983,"3,3,0","0,0,1","0,2,0","1,2,1",176,99,5.04E-06,0.006302668,"1.0,1.0,0.0","0.0,0.36,0.0",0.547,SE
23042,ENSMUSG00000026767.12,Mindy3,chr2,-,12403997,12404166,12386608,12386679,12405859,12405920,23042,"2,1,4","4,1,1","1,3,2","0,0,1",268,99,6.24E-05,0.020442028,"0.156,0.27,0.596","1.0,1.0,0.425",-0.468,SE
23211,ENSMUSG00000020451.17,Limk2,chr11,-,3361782,3361825,3361020,3361108,3370968,3371335,23211,"3,7,1","1,0,0","0,3,0","4,0,1",142,99,5.47E-05,0.020138471,"0.677,1.0,1.0","0.0,1.0,0.0",0.559,SE
23217,ENSMUSG00000015149.14,Sirt2,chr7,+,28772094,28772208,28766734,28766867,28778921,28778990,23217,"0,0,0","2,1,1","2,1,1","0,0,0",213,99,1.07E-12,4.40E-08,"0.0,0.0,0.0","1.0,1.0,1.0",-1,SE
23546,ENSMUSG00000022123.9,Scel,chr14,+,103581791,103581851,103577831,103577891,103583077,103583137,23546,"7,3,5","2,1,2","6,5,4","0,0,0",159,99,0.000268806,0.046010441,"0.685,0.651,0.609","1.0,1.0,1.0",-0.352,SE
23594,ENSMUSG00000039826.13,Trub2,chr2,-,29778731,29778868,29774683,29777956,29779822,29779895,23594,"141,149,111","7,7,4","129,136,132","1,0,1",236,99,9.29E-06,0.008707383,"0.894,0.899,0.921","0.982,1.0,0.982",-0.083,SE
23712,ENSMUSG00000022973.17,Synj1,chr16,-,90948065,90948113,90946791,90946862,90950350,90950485,23712,"0,1,0","25,12,6","6,1,2","14,10,11",147,99,0.000260404,0.044945305,"0.0,0.053,0.0","0.224,0.063,0.109",-0.114,SE
23713,ENSMUSG00000022973.17,Synj1,chr16,-,90948065,90948113,90947014,90947053,90949698,90949737,23713,"139,181,160","20,13,12","233,137,97","5,6,3",147,99,6.49E-05,0.020451175,"0.824,0.904,0.9","0.969,0.939,0.956",-0.079,SE
23779,ENSMUSG00000089739.2,Gm20431,chr2,-,167610303,167610429,167607849,167609247,167617828,167617977,23779,"828,840,618","8,18,25","777,748,562","5,6,4",225,99,2.11E-05,0.0113612,"0.979,0.954,0.916","0.986,0.982,0.984",-0.034,SE
23927,ENSMUSG00000039934.12,Gsap,chr5,+,21278044,21278140,21272981,21273043,21287676,21287796,23927,"21,18,14","0,0,0","20,4,6","3,4,1",195,99,1.11E-06,0.002279653,"1.0,1.0,1.0","0.772,0.337,0.753",0.379,SE
24313,ENSMUSG00000003190.12,Bcl2l12,chr7,-,44993810,44994271,44992743,44993031,44994362,44994449,24313,"3,8,5","0,0,0","1,3,6","3,1,0",560,99,0.000144569,0.030434023,"1.0,1.0,1.0","0.056,0.347,1.0",0.532,SE
24318,ENSMUSG00000045903.8,Npas4,chr19,-,4987777,4987887,4987314,4987450,4988074,4988348,24318,"13,25,21","2,5,3","70,41,25","1,1,0",209,99,8.49E-06,0.008340877,"0.755,0.703,0.768","0.971,0.951,1.0",-0.232,SE
24327,ENSMUSG00000000826.16,Dnajc5,chr2,+,181521234,181521287,181520550,181520697,181546370,181546488,24327,"53,64,38","272,305,233","41,22,19","290,299,199",152,99,0.000176522,0.034235566,"0.113,0.12,0.096","0.084,0.046,0.059",0.047,SE
24434,ENSMUSG00000040828.9,Catsperd,chr17,+,56650742,56650893,56647727,56647811,56651794,56651890,24434,"3,2,2","0,0,2","0,0,1","1,1,0",250,99,0.00011261,0.026544519,"1.0,1.0,0.284","0.0,0.0,1.0",0.428,SE
24649,ENSMUSG00000004980.16,Hnrnpa2b1,chr6,-,51464427,51464547,51464088,51464211,51465178,51465241,24649,"518,770,604","47,103,76","770,740,531","46,48,38",219,99,1.48E-05,0.01108693,"0.833,0.772,0.782","0.883,0.875,0.863",-0.078,SE
24659,ENSMUSG00000035620.15,Ric8b,chr10,+,85009451,85009627,85008715,85008793,85015075,85018337,24659,"6,13,11","3,1,2","8,15,4","0,1,0",275,99,6.98E-05,0.020878559,"0.419,0.824,0.664","1.0,0.844,1.0",-0.312,SE
24839,ENSMUSG00000024462.17,Gabbr1,chr17,+,37049652,37049797,37048577,37048606,37050998,37051127,24839,"43,44,35","3,5,3","41,55,38","0,1,1",244,99,0.00014222,0.030240745,"0.853,0.781,0.826","1.0,0.957,0.939",-0.145,SE
24843,ENSMUSG00000024462.17,Gabbr1,chr17,+,37054736,37054907,37050673,37051159,37056295,37056357,24843,"10,4,4","3,7,2","10,18,2","1,0,1",270,99,6.38E-05,0.020451175,"0.55,0.173,0.423","0.786,1.0,0.423",-0.354,SE
25153,ENSMUSG00000020930.9,Ccdc103,chr11,+,102882351,102882431,102881203,102881315,102882544,102882696,25153,"7,4,11","4,2,1","8,7,5","1,0,0",179,99,1.48E-05,0.01108693,"0.492,0.525,0.859","0.816,1.0,1.0",-0.313,SE
25299,ENSMUSG00000109783.1,Gm45338,chr16,+,23554697,23554933,23534579,23534799,23559771,23560080,25299,"4,1,2","1,2,1","3,3,3","0,0,0",335,99,0.000157618,0.03208265,"0.542,0.129,0.371","1.0,1.0,1.0",-0.653,SE
25494,ENSMUSG00000049690.15,Nckap5,chr1,-,125940162,125940237,125914959,125915021,125976925,125977062,25494,"1,2,10","5,5,2","1,0,0","3,1,7",174,99,0.000136248,0.02958087,"0.102,0.185,0.74","0.159,0.0,0.0",0.289,SE
25603,ENSMUSG00000108841.1,Frmpd2,chr14,+,33483500,33483682,33471695,33471832,33495574,33495700,25603,"3,0,2","0,2,3","4,4,5","1,0,0",281,99,1.68E-05,0.01108693,"1.0,0.0,0.19","0.585,1.0,1.0",-0.465,SE
25923,ENSMUSG00000029629.17,Phf14,chr6,+,11987575,11987682,11987003,11987274,11988721,11988817,25923,"290,421,321","9,8,3","291,257,266","11,19,15",206,99,7.26E-05,0.021026827,"0.939,0.962,0.981","0.927,0.867,0.895",0.064,SE
26457,ENSMUSG00000024357.9,Sil1,chr18,-,35438266,35438380,35418056,35418195,35498790,35498925,26457,"127,109,71","4,4,4","111,122,71","0,1,0",213,99,0.000233142,0.04199705,"0.937,0.927,0.892","1.0,0.983,1.0",-0.076,SE
26475,ENSMUSG00000052783.16,Grk4,chr5,+,34719700,34719891,34716188,34716329,34730004,34730042,26475,"13,12,6","0,1,0","18,12,10","5,2,1",290,99,2.11E-05,0.0113612,"1.0,0.804,1.0","0.551,0.672,0.773",0.269,SE
26949,ENSMUSG00000030629.15,Zfand6,chr7,-,84642285,84642437,84634238,84634409,84689745,84689959,26949,"3,4,5","9,23,6","1,2,0","26,22,14",251,99,0.000306047,0.049315403,"0.116,0.064,0.247","0.015,0.035,0.0",0.126,SE
27002,ENSMUSG00000039128.13,Cdc123,chr2,-,5804910,5805033,5803946,5803975,5807430,5807506,27002,"631,631,456","2,0,5","543,447,408","15,8,9",222,99,1.68E-06,0.003291376,"0.993,1.0,0.976","0.942,0.961,0.953",0.038,SE
27227,ENSMUSG00000036833.16,Pnpla7,chr2,+,24979831,24979897,24978125,24978221,24980033,24980108,27227,"2,3,1","2,0,0","2,0,0","1,1,1",165,99,1.83E-05,0.01110989,"0.375,1.0,1.0","0.545,0.0,0.0",0.61,SE
27233,ENSMUSG00000043015.15,Nemp2,chr1,+,52643121,52643236,52642318,52642412,52645260,52645486,27233,"6,2,7","2,2,6","4,9,4","1,0,0",214,99,3.69E-06,0.004929511,"0.581,0.316,0.351","0.649,1.0,1.0",-0.467,SE
27234,ENSMUSG00000043015.15,Nemp2,chr1,+,52643167,52643236,52642318,52642412,52645260,52645486,27234,"5,3,2","2,2,6","3,5,2","1,0,0",168,99,7.41E-06,0.007643181,"0.596,0.469,0.164","0.639,1.0,1.0",-0.47,SE
27257,ENSMUSG00000044072.14,Eml6,chr11,-,29906171,29906331,29897143,29897242,30024379,30025100,27257,"96,118,94","5,6,9","103,115,110","0,3,2",259,99,0.000251771,0.044007644,"0.88,0.883,0.8","1.0,0.936,0.955",-0.109,SE
27332,ENSMUSG00000021458.17,2010111I01Rik,chr13,+,63061034,63061194,63033022,63033189,63068039,63068285,27332,"59,69,51","1,0,0","87,67,59","8,6,0",259,99,1.95E-05,0.011294657,"0.958,1.0,1.0","0.806,0.81,1.0",0.114,SE
27524,ENSMUSG00000067786.16,Nnat,chr2,+,157560447,157560535,157560120,157560260,157561541,157561780,27524,"4,20,16","65,165,131","2,8,5","119,170,102",187,99,0.000273945,0.046313582,"0.032,0.06,0.061","0.009,0.024,0.025",0.032,SE
27650,ENSMUSG00000026743.16,Mllt10,chr2,+,18139267,18139336,18126133,18126229,18146776,18146872,27650,"1,1,0","59,44,42","17,3,2","58,35,47",168,99,3.23E-06,0.00463612,"0.01,0.013,0.0","0.147,0.048,0.024",-0.065,SE
27675,ENSMUSG00000017421.18,Zfp207,chr11,+,80389773,80389821,80389254,80389330,80391330,80391401,27675,"438,547,485","20,9,11","451,506,411","33,30,21",147,99,5.88E-05,0.020421746,"0.937,0.976,0.967","0.902,0.919,0.929",0.043,SE
27797,ENSMUSG00000026565.18,Pou2f1,chr1,-,165952780,165952856,165931661,165931727,166002561,166002609,27797,"7,1,2","5,1,2","0,1,2","13,9,4",175,99,7.68E-05,0.021403544,"0.442,0.361,0.361","0.0,0.059,0.22",0.295,SE
27917,ENSMUSG00000022359.10,Wdyhv1,chr15,+,58152596,58152745,58150605,58150656,58153579,58153704,27917,"117,54,29","6,2,5","118,38,33","2,0,0",248,99,0.00010992,0.026175976,"0.886,0.915,0.698","0.959,1.0,1.0",-0.153,SE
27936,ENSMUSG00000038866.15,Zcchc2,chr1,+,106027387,106027531,106023663,106023758,106029751,106032448,27936,"38,36,21","0,5,3","40,42,23","0,0,0",243,99,9.05E-05,0.024044755,"1.0,0.746,0.74","1.0,1.0,1.0",-0.171,SE
28021,ENSMUSG00000035469.17,Rcbtb1,chr14,+,59205624,59205722,59201233,59201584,59209927,59210067,28021,"8,6,6","8,2,3","3,0,0","5,9,2",197,99,3.14E-05,0.014718113,"0.334,0.601,0.501","0.232,0.0,0.0",0.401,SE
28537,ENSMUSG00000032035.15,Ets1,chr9,+,32738098,32738359,32733939,32734188,32752798,32752917,28537,"79,125,107","1,8,3","70,85,90","0,1,0",360,99,7.11E-05,0.020986989,"0.956,0.811,0.907","1.0,0.959,1.0",-0.095,SE
28684,ENSMUSG00000002100.15,Mybpc3,chr2,+,91122339,91122342,91121901,91121955,91122635,91122647,28684,"12,0,0","1,2,2","6,3,4","1,0,1",102,99,0.0002133,0.039456715,"0.921,0.0,0.0","0.853,1.0,0.795",-0.576,SE
28757,ENSMUSG00000058756.13,Thra,chr11,+,98741357,98741447,98740637,98740687,98753289,98753442,28757,"49,127,96","3,2,3","72,126,92","11,12,8",189,99,0.000150894,0.031279073,"0.895,0.971,0.944","0.774,0.846,0.858",0.111,SE
28827,ENSMUSG00000024985.18,Tcf7l2,chr19,+,55924529,55924580,55923895,55923944,55931433,55933654,28827,"4,18,5","1,0,0","8,7,6","1,5,2",150,99,2.28E-05,0.011741472,"0.725,1.0,1.0","0.841,0.48,0.664",0.247,SE
28829,ENSMUSG00000024985.18,Tcf7l2,chr19,+,55925976,55926049,55923895,55923944,55931433,55933654,28829,"5,3,3","1,0,0","4,5,2","1,5,2",172,99,1.56E-05,0.01108693,"0.742,1.0,1.0","0.697,0.365,0.365",0.438,SE
29026,ENSMUSG00000048731.14,Ggnbp1,chr17,+,27028832,27029946,27025336,27025459,27030675,27030800,29026,"17,14,20","2,1,3","6,13,7","0,0,1",1213,99,0.000182424,0.034519165,"0.41,0.533,0.352","1.0,1.0,0.364",-0.356,SE
29095,ENSMUSG00000052751.16,Repin1,chr6,+,48594790,48594976,48593882,48594052,48596292,48599081,29095,"46,41,26","0,0,0","57,46,40","4,2,3",285,99,7.12E-05,0.020986989,"1.0,1.0,1.0","0.832,0.889,0.822",0.152,SE
29096,ENSMUSG00000052751.16,Repin1,chr6,+,48594861,48594976,48593899,48594052,48596292,48599081,29096,"36,39,23","0,0,0","53,32,33","4,2,3",214,99,9.66E-05,0.024744001,"1.0,1.0,1.0","0.86,0.881,0.836",0.141,SE
29234,ENSMUSG00000054728.16,Phactr1,chr13,+,43059570,43059777,43057178,43057346,43077654,43077976,29234,"136,107,75","374,414,310","106,87,58","559,424,388",306,99,0.00024726,0.043403134,"0.105,0.077,0.073","0.058,0.062,0.046",0.03,SE
29440,ENSMUSG00000038677.13,Scube3,chr17,+,28158880,28158928,28157072,28157189,28160811,28160928,29440,"0,0,0","1,1,2","4,0,4","0,3,1",147,99,3.91E-05,0.016451035,"0.0,0.0,0.0","1.0,0.0,0.729",-0.576,SE
29449,ENSMUSG00000018761.14,Mpdu1,chr11,-,69657935,69658021,69657724,69657843,69658565,69658698,29449,"164,306,239","26,24,16","217,246,167","42,44,38",185,99,0.000117496,0.027383107,"0.771,0.872,0.889","0.734,0.749,0.702",0.116,SE
29690,ENSMUSG00000038943.16,Prc1,chr7,+,80313526,80313568,80313031,80313208,80315113,80315517,29690,"1,5,4","4,2,2","3,4,2","0,1,0",141,99,2.20E-05,0.011645555,"0.149,0.637,0.584","1.0,0.737,1.0",-0.456,SE
29762,ENSMUSG00000043411.15,Usp48,chr4,+,137628173,137628245,137625156,137625287,137633113,137633189,29762,"208,195,168","0,11,5","189,182,158","0,0,0",171,99,0.000204798,0.038400647,"1.0,0.911,0.951","1.0,1.0,1.0",-0.046,SE
30090,ENSMUSG00000035778.17,Ggta1,chr2,-,35414218,35414284,35413325,35413427,35416471,35416507,30090,"7,19,15","0,3,5","11,6,10","0,1,0",165,99,0.000137857,0.029773401,"1.0,0.792,0.643","1.0,0.783,1.0",-0.116,SE
30638,ENSMUSG00000029822.15,Osbpl3,chr6,-,50428328,50428420,50370122,50370358,50455824,50456170,30638,"41,73,67","1,0,0","74,65,45","5,3,4",191,99,6.14E-05,0.020421746,"0.955,1.0,1.0","0.885,0.918,0.854",0.099,SE
30848,ENSMUSG00000028232.13,Tmem68,chr4,-,3569630,3569752,3569361,3569463,3574703,3574804,30848,"1,1,4","0,0,0","2,0,2","2,2,0",221,99,0.000113506,0.026603611,"1.0,1.0,1.0","0.309,0.0,1.0",0.564,SE
30852,ENSMUSG00000097284.7,4930480K23Rik,chr14,+,69739406,69739495,69738237,69738387,69740724,69740849,30852,"17,18,5","0,0,0","15,14,9","3,0,4",188,99,9.94E-05,0.025161738,"1.0,1.0,1.0","0.725,1.0,0.542",0.244,SE
31237,ENSMUSG00000053080.10,2700081O15Rik,chr19,+,7421254,7421644,7420066,7420561,7421913,7422462,31237,"21,38,18","3,7,2","37,48,24","1,1,1",489,99,0.000282076,0.047094142,"0.586,0.524,0.646","0.882,0.907,0.829",-0.287,SE
32055,ENSMUSG00000029769.16,Ccdc136,chr6,+,29412363,29412534,29411247,29411385,29414785,29414980,32055,"8,5,2","4,2,0","4,4,3","1,0,0",270,99,0.000110412,0.026175976,"0.423,0.478,1.0","0.595,1.0,1.0",-0.231,SE
32304,ENSMUSG00000063594.5,Gng8,chr7,+,16893120,16893219,16892449,16892511,16894941,16895027,32304,"11,3,2","1,0,0","1,1,3","1,1,2",198,99,0.00017388,0.033993888,"0.846,1.0,1.0","0.333,0.333,0.429",0.584,SE
32449,ENSMUSG00000027175.10,Tcp11l1,chr2,-,104701778,104701903,104699841,104699974,104706355,104706542,32449,"1,1,1","72,54,70","8,5,5","44,53,43",224,99,6.36E-05,0.020451175,"0.006,0.008,0.006","0.074,0.04,0.049",-0.048,SE
32477,ENSMUSG00000086155.7,9430041J12Rik,chr7,-,4095457,4095586,4076214,4076344,4101035,4101139,32477,"6,8,12","0,0,1","3,7,9","3,4,0",228,99,5.36E-05,0.02010319,"1.0,1.0,0.839","0.303,0.432,1.0",0.368,SE
32785,ENSMUSG00000030706.17,Mrpl48,chr7,-,100559747,100559917,100552578,100552681,100565193,100565279,32785,"447,322,243","18,6,3","473,314,246","2,0,2",269,99,2.05E-06,0.003516645,"0.901,0.952,0.968","0.989,1.0,0.978",-0.049,SE
32956,ENSMUSG00000030022.14,Adamts9,chr6,-,92909905,92909989,92909688,92909804,92912622,92912912,32956,"19,33,22","0,0,0","13,13,9","2,2,2",183,99,0.000287323,0.047599786,"1.0,1.0,1.0","0.779,0.779,0.709",0.244,SE
33585,ENSMUSG00000074247.10,Dda1,chr8,+,71472040,71472117,71469198,71469325,71474487,71476098,33585,"4,9,3","1,0,0","11,6,3","3,2,1",176,99,0.000275402,0.04636988,"0.692,1.0,1.0","0.673,0.628,0.628",0.254,SE
33779,ENSMUSG00000030834.7,Abcc6,chr7,-,45989537,45989745,45986330,45986641,45990287,45990414,33779,"7,4,2","1,1,3","1,7,1","0,0,0",307,99,5.07E-05,0.019315228,"0.693,0.563,0.177","1.0,1.0,1.0",-0.522,SE
33871,ENSMUSG00000002578.17,Ikzf4,chr10,-,128643874,128643968,128642628,128642733,128645720,128645826,33871,"7,4,2","1,0,1","2,0,0","0,2,2",193,99,1.33E-05,0.01108693,"0.782,1.0,0.506","1.0,0.0,0.0",0.429,SE
33915,ENSMUSG00000059475.13,Zfp426,chr9,-,20474906,20475033,20473027,20473108,20476395,20476478,33915,"145,130,118","9,9,18","150,131,127","5,2,3",226,99,5.96E-05,0.020421746,"0.876,0.864,0.742","0.929,0.966,0.949",-0.121,SE
33918,ENSMUSG00000059475.13,Zfp426,chr9,-,20474906,20475075,20473104,20473108,20476395,20476478,33918,"82,58,64","9,9,18","75,66,73","5,2,3",268,99,0.000158636,0.03208265,"0.771,0.704,0.568","0.847,0.924,0.9",-0.209,SE
33919,ENSMUSG00000059475.13,Zfp426,chr9,-,20474910,20475033,20473027,20473108,20476395,20476478,33919,"67,83,56","9,9,18","80,73,56","5,2,3",222,99,0.00030438,0.049239116,"0.769,0.804,0.581","0.877,0.942,0.893",-0.186,SE
33951,ENSMUSG00000029735.17,Tpk1,chr6,-,43469001,43469148,43423620,43423732,43488874,43488970,33951,"30,30,19","2,4,2","22,15,34","0,0,1",246,99,0.000221055,0.040170687,"0.858,0.751,0.793","1.0,1.0,0.932",-0.177,SE
34100,ENSMUSG00000097316.2,Gm10516,chr1,+,192144436,192144539,192137344,192137514,192145213,192145404,34100,"0,2,0","2,2,2","5,2,2","2,1,0",202,99,5.97E-05,0.020421746,"0.0,0.329,0.0","0.551,0.495,1.0",-0.572,SE
34276,ENSMUSG00000031016.9,Wee1,chr7,+,110130828,110130975,110126700,110126822,110134754,110134850,34276,"119,90,56","3,4,5","118,66,55","0,1,0",246,99,9.27E-05,0.024260665,"0.941,0.901,0.818","1.0,0.964,1.0",-0.101,SE
34457,ENSMUSG00000062760.10,1810041L15Rik,chr15,-,84435144,84435282,84420136,84420232,84443450,84443697,34457,"0,3,2","1,0,0","0,1,0","4,0,1",237,99,8.40E-05,0.022646511,"0.0,1.0,1.0","0.0,1.0,0.0",0.333,SE
34522,ENSMUSG00000038708.10,Golga4,chr9,+,118519085,118519184,118514179,118514269,118522517,118522583,34522,"55,37,24","112,102,94","26,20,13","149,110,74",198,99,0.000103042,0.025668996,"0.197,0.154,0.113","0.08,0.083,0.081",0.073,SE
34946,ENSMUSG00000032312.7,Csk,chr9,-,57633994,57634045,57631366,57631443,57644994,57645109,34946,"14,12,10","60,50,45","1,1,0","60,45,30",150,99,1.23E-09,8.46E-06,"0.133,0.137,0.128","0.011,0.014,0.0",0.124,SE
34961,ENSMUSG00000075555.11,Gm10863,chr15,+,79210190,79210249,79166040,79166179,79216109,79216168,34961,"22,10,9","4,0,3","11,6,8","0,0,1",158,99,0.000303597,0.049239116,"0.775,1.0,0.653","1.0,1.0,0.834",-0.135,SE
35202,ENSMUSG00000028420.13,Tmem38b,chr4,+,53840626,53840783,53826044,53826220,53848865,53849050,35202,"54,37,31","0,1,0","47,39,36","7,1,2",256,99,5.77E-05,0.020421746,"1.0,0.935,1.0","0.722,0.938,0.874",0.134,SE
35350,ENSMUSG00000027305.9,Ndufaf1,chr2,-,119658273,119658459,119656367,119656442,119660001,119660659,35350,"170,176,141","8,5,4","202,182,147","1,0,2",285,99,5.08E-05,0.019315228,"0.881,0.924,0.924","0.986,1.0,0.962",-0.073,SE
35436,ENSMUSG00000047013.15,Fbxo41,chr6,-,85485920,85486095,85483825,85484863,85502702,85502994,35436,"10,7,7","5,0,2","19,23,10","0,0,0",274,99,1.69E-05,0.01108693,"0.419,1.0,0.558","1.0,1.0,1.0",-0.341,SE
35585,ENSMUSG00000032735.14,Ablim3,chr18,-,61818988,61819087,61816921,61816969,61819790,61819917,35585,"39,72,68","10,4,2","70,54,44","0,2,0",198,99,3.29E-05,0.015078515,"0.661,0.9,0.944","1.0,0.931,1.0",-0.142,SE
35863,ENSMUSG00000019892.13,Lrriq1,chr10,-,103234012,103234157,103227175,103227302,103236019,103236293,35863,"15,10,5","0,1,0","13,10,10","3,2,4",244,99,1.54E-05,0.01108693,"1.0,0.802,1.0","0.637,0.67,0.504",0.33,SE
36022,ENSMUSG00000002227.15,Mov10,chr3,-,104806961,104807102,104805428,104805684,104817935,104818301,36022,"1,1,1","0,2,2","1,2,3","1,0,0",240,99,4.58E-05,0.018335377,"1.0,0.171,0.171","0.292,1.0,1.0",-0.317,SE
36248,ENSMUSG00000021010.8,Npas3,chr12,+,53501389,53501440,53501033,53501278,53640459,53640536,36248,"18,12,15","12,9,16","8,5,7","22,35,15",150,99,2.00E-05,0.011294657,"0.497,0.468,0.382","0.194,0.086,0.235",0.277,SE
36449,ENSMUSG00000040855.15,Reps2,chrX,-,162503770,162503907,162471794,162471856,162512678,162512732,36449,"69,57,35","182,180,158","69,31,14","288,218,170",236,99,6.69E-05,0.020710106,"0.137,0.117,0.085","0.091,0.056,0.033",0.053,SE
36450,ENSMUSG00000040855.15,Reps2,chrX,-,162507606,162507652,162471794,162471856,162512678,162512732,36450,"33,37,21","182,180,158","25,17,11","288,218,170",145,99,3.74E-05,0.016306153,"0.11,0.123,0.083","0.056,0.051,0.042",0.056,SE
36655,ENSMUSG00000025545.10,Clybl,chr14,+,122311243,122311430,122181703,122181781,122371240,122371429,36655,"68,75,39","3,1,7","65,52,41","0,0,0",286,99,1.48E-05,0.01108693,"0.887,0.963,0.659","1.0,1.0,1.0",-0.164,SE
36711,ENSMUSG00000085316.1,D330050G23Rik,chr2,+,116900975,116901075,116900174,116900331,116910720,116910836,36711,"2,2,2","1,1,4","3,1,1","1,0,0",199,99,4.47E-05,0.018086786,"0.499,0.499,0.199","0.599,1.0,1.0",-0.467,SE
36883,ENSMUSG00000025350.15,Rdh5,chr10,-,128918252,128918592,128914134,128914298,128919146,128919297,36883,"7,4,3","1,0,0","7,1,5","3,1,2",439,99,1.71E-05,0.01108693,"0.612,1.0,1.0","0.345,0.184,0.361",0.574,SE
37570,ENSMUSG00000030291.12,Med21,chr6,+,146648164,146648279,146642546,146642652,146649149,146649250,37570,"298,201,153","3,4,15","267,205,165","4,1,0",214,99,0.000170326,0.033466911,"0.979,0.959,0.825","0.969,0.99,1.0",-0.065,SE
37724,ENSMUSG00000073077.6,Gm7173,chrX,-,79489034,79489251,79488505,79488747,79490930,79491027,37724,"4,2,2","0,1,0","0,7,2","3,2,2",316,99,3.00E-05,0.014233668,"1.0,0.385,1.0","0.0,0.523,0.239",0.541,SE
38312,ENSMUSG00000070436.12,Serpinh1,chr7,-,99351823,99351867,99348802,99349464,99352886,99352965,38312,"0,3,2","1,1,0","1,0,0","5,5,2",143,99,0.000101388,0.025502186,"0.0,0.675,1.0","0.122,0.0,0.0",0.518,SE
38313,ENSMUSG00000070436.12,Serpinh1,chr7,-,99351823,99351867,99348802,99349464,99353052,99353114,38313,"0,10,7","66,64,39","2,0,0","44,74,62",143,99,6.07E-05,0.020421746,"0.0,0.098,0.111","0.031,0.0,0.0",0.059,SE
38637,ENSMUSG00000028284.13,Map3k7,chr4,+,31994873,31995010,31992472,31992516,32002088,32002153,38637,"32,36,39","93,107,96","17,20,16","123,96,85",236,99,0.00020727,0.038688137,"0.126,0.124,0.146","0.055,0.08,0.073",0.063,SE
38942,ENSMUSG00000031379.13,Pir,chrX,+,164342473,164342518,164330014,164330099,164358147,164358230,38942,"29,28,21","5,5,1","33,20,16","0,0,1",144,99,4.68E-05,0.01854528,"0.799,0.794,0.935","1.0,1.0,0.917",-0.13,SE
38997,ENSMUSG00000049811.16,Fam161a,chr11,+,23013538,23013647,23008464,23008626,23015654,23015884,38997,"11,4,4","2,0,0","4,5,2","1,3,2",208,99,6.09E-05,0.020421746,"0.724,1.0,1.0","0.656,0.442,0.322",0.435,SE
39023,ENSMUSG00000036466.17,Megf11,chr9,+,64691220,64691349,64690001,64690130,64691794,64691923,39023,"42,30,32","3,4,4","24,15,16","9,17,8",228,99,8.96E-06,0.00859597,"0.859,0.765,0.776","0.537,0.277,0.465",0.374,SE
39524,ENSMUSG00000098912.7,1500004A13Rik,chr3,-,88810637,88811002,88805288,88808272,88832263,88832501,39524,"5,9,4","3,5,10","2,0,1","10,11,6",464,99,1.80E-05,0.01108693,"0.262,0.277,0.079","0.041,0.0,0.034",0.181,SE
39584,ENSMUSG00000057738.13,Sptan1,chr2,+,30014157,30014172,30013675,30013838,30015588,30015720,39584,"214,026,241,976","36,52,62","273,222,841,960","22,40,24",114,99,0.000157493,0.03208265,"0.981,0.978,0.965","0.991,0.98,0.986",-0.011,SE
39619,ENSMUSG00000030649.18,Anapc15,chr7,+,101897188,101897360,101896862,101896943,101897732,101897817,39619,"3,13,8","3,2,3","8,8,7","0,1,0",271,99,1.37E-05,0.01108693,"0.268,0.704,0.493","1.0,0.745,1.0",-0.427,SE
39644,ENSMUSG00000024381.15,Bin1,chr18,+,32430749,32430857,32429699,32429723,32431670,32431742,39644,"130,94,64","134,176,113","205,185,130","156,122,91",207,99,7.28E-07,0.001668527,"0.317,0.203,0.213","0.386,0.42,0.406",-0.16,SE
39787,ENSMUSG00000019838.11,Slc16a10,chr10,-,40067627,40067659,40056486,40056630,40076563,40076605,39787,"0,4,2","1,1,0","0,1,0","1,3,2",131,99,2.44E-05,0.012137938,"0.0,0.751,1.0","0.0,0.201,0.0",0.517,SE
39851,ENSMUSG00000037960.11,Card19,chr13,-,49203928,49203988,49203717,49203789,49205191,49205345,39851,"54,22,19","4,7,4","30,36,34","2,1,0",159,99,0.000149112,0.031065776,"0.894,0.662,0.747","0.903,0.957,1.0",-0.186,SE
40634,ENSMUSG00000019899.16,Lama2,chr10,-,27053027,27053033,27050197,27050352,27054502,27054685,40634,"27,27,24","3,0,1","13,14,8","8,3,3",105,99,4.84E-05,0.018818945,"0.895,1.0,0.958","0.605,0.815,0.715",0.239,SE
40695,ENSMUSG00000064105.12,Cnnm2,chr19,+,46871655,46871721,46868537,46868631,46877207,46877392,40695,"101,95,86","7,5,5","101,82,95","2,0,0",165,99,2.26E-05,0.011741472,"0.896,0.919,0.912","0.968,1.0,1.0",-0.08,SE
40847,ENSMUSG00000054640.14,Slc8a1,chr17,-,81437744,81437813,81432643,81432774,81441651,81441666,40847,"70,71,73","6,4,3","109,68,47","2,0,0",168,99,0.000191231,0.036020501,"0.873,0.913,0.935","0.97,1.0,1.0",-0.083,SE
40923,ENSMUSG00000027881.14,Prpf38b,chr3,-,108905917,108905988,108905110,108905334,108906071,108906125,40923,"6,12,9","2,4,2","3,11,10","1,0,0",170,99,9.39E-05,0.024367301,"0.636,0.636,0.724","0.636,1.0,1.0",-0.213,SE
41325,ENSMUSG00000015127.14,Unkl,chr17,+,25229238,25229466,25228582,25228666,25230206,25230409,41325,"46,52,53","1,0,1","65,60,53","6,3,3",327,99,0.000158754,0.03208265,"0.933,1.0,0.941","0.766,0.858,0.842",0.136,SE
41649,ENSMUSG00000003452.15,Bicd1,chr6,+,149520352,149520546,149518905,149519223,149556643,149556731,41649,"3,10,8","3,0,3","13,9,11","0,0,0",293,99,3.81E-05,0.016387138,"0.253,1.0,0.474","1.0,1.0,1.0",-0.424,SE
41847,ENSMUSG00000022884.14,Eif4a2,chr16,+,23109119,23109259,23108718,23108851,23109984,23110153,41847,"443,342,413,297","45,84,50","523,642,143,674","47,28,33",239,99,4.26E-05,0.017682352,"0.976,0.954,0.965","0.979,0.984,0.979",-0.016,SE
42234,ENSMUSG00000045031.18,Cetn4,chr3,-,37309344,37309482,37307748,37309181,37309936,37310065,42234,"18,34,26","0,0,0","45,14,26","7,0,3",237,99,7.22E-06,0.007638586,"1.0,1.0,1.0","0.729,1.0,0.784",0.162,SE
42238,ENSMUSG00000045031.18,Cetn4,chr3,-,37309936,37310065,37309344,37309482,37310292,37310439,42238,"17,21,22","5,6,2","65,14,28","1,1,1",228,99,3.57E-05,0.015813122,"0.596,0.603,0.827","0.966,0.859,0.924",-0.241,SE
42382,ENSMUSG00000032294.17,Pkm,chr9,+,59663039,59663156,59657237,59657270,59665199,59665366,42382,"8,2,3","5,5,4","1,0,0","10,3,3",216,99,5.79E-06,0.006564377,"0.423,0.155,0.256","0.044,0.0,0.0",0.263,SE
42730,ENSMUSG00000020100.15,Slc29a3,chr10,-,60723763,60723990,60714025,60716490,60750385,60750684,42730,"3,2,1","0,0,0","0,0,1","2,1,0",326,99,5.21E-07,0.001343802,"1.0,1.0,1.0","0.0,0.0,1.0",0.667,SE
42799,ENSMUSG00000022300.10,Dcaf13,chr15,+,39118710,39118910,39112864,39113051,39119344,39119452,42799,"223,225,205","1,0,2","255,191,218","2,7,7",299,99,0.000297713,0.048733934,"0.987,1.0,0.971","0.977,0.9,0.912",0.056,SE
42975,ENSMUSG00000070371.11,Prss36,chr7,-,127933566,127933832,127933370,127933492,127934138,127934280,42975,"13,26,16","2,3,2","21,9,10","0,0,0",365,99,1.60E-05,0.01108693,"0.638,0.702,0.685","1.0,1.0,1.0",-0.325,SE
43340,ENSMUSG00000032480.17,Dhx30,chr9,-,110115035,110115161,110112970,110113090,110115490,110115582,43340,"266,260,227","9,2,10","296,230,249","0,0,1",225,99,3.70E-06,0.004929511,"0.929,0.983,0.909","1.0,1.0,0.991",-0.057,SE
43342,ENSMUSG00000032480.17,Dhx30,chr9,-,110115035,110115211,110112970,110113090,110115490,110115582,43342,"158,129,116","9,2,10","163,124,128","0,0,1",275,99,1.41E-07,0.000645301,"0.863,0.959,0.807","1.0,1.0,0.979",-0.117,SE
43346,ENSMUSG00000016382.15,Pls3,chrX,-,75799716,75799743,75799394,75799490,75800501,75800644,43346,"272,200,143","83,72,44","311,247,221","60,44,44",126,99,0.000246521,0.043403134,"0.72,0.686,0.719","0.803,0.815,0.798",-0.097,SE
43645,ENSMUSG00000038495.14,Otud7b,chr3,+,96108710,96108768,96104526,96104819,96130230,96130343,43645,"15,13,7","8,2,2","6,4,4","16,5,5",157,99,0.000272267,0.046219203,"0.542,0.804,0.688","0.191,0.335,0.335",0.391,SE
43788,ENSMUSG00000060176.4,Kif27,chr13,-,58343865,58344824,58337542,58337686,58354564,58354862,43788,"10,2,6","0,0,0","7,8,10","0,4,1",1058,99,7.46E-05,0.02121769,"1.0,1.0,1.0","1.0,0.158,0.483",0.453,SE
43799,ENSMUSG00000031511.15,Arhgef7,chr8,+,11782524,11782655,11728104,11728416,11791455,11791544,43799,"0,1,1","2,1,0","3,3,4","0,0,0",230,99,8.05E-05,0.021996244,"0.0,0.301,1.0","1.0,1.0,1.0",-0.566,SE
44011,ENSMUSG00000041020.14,Map7d2,chrX,+,159460266,159460365,159459377,159459483,159469962,159470093,44011,"294,256,196","30,1,1","290,238,182","4,2,1",198,99,0.000279601,0.046885394,"0.831,0.992,0.99","0.973,0.983,0.989",-0.044,SE
44012,ENSMUSG00000041020.14,Map7d2,chrX,+,159462113,159462224,159459124,159459483,159469962,159470093,44012,"394,284,223","30,1,1","364,252,227","4,2,1",210,99,0.000148466,0.031065776,"0.861,0.993,0.991","0.977,0.983,0.991",-0.035,SE
44295,ENSMUSG00000024571.14,Gm16286,chr18,+,80208109,80208229,80207259,80207343,80210061,80210130,44295,"11,12,12","208,203,152","0,3,2","169,168,110",219,99,0.000166462,0.033013091,"0.023,0.026,0.034","0.0,0.008,0.008",0.022,SE
44357,ENSMUSG00000030929.17,Eri2,chr7,-,119792264,119792343,119790233,119790390,119792430,119792498,44357,"3,2,4","2,2,1","2,5,3","0,0,0",178,99,0.000170373,0.033466911,"0.455,0.357,0.69","1.0,1.0,1.0",-0.499,SE
45573,ENSMUSG00000027584.16,Oprl1,chr2,+,181715689,181715931,181715045,181715229,181718376,181718590,45573,"124,157,116","1,6,4","142,158,124","0,1,0",341,99,0.000267909,0.046010441,"0.973,0.884,0.894","1.0,0.979,1.0",-0.076,SE
45577,ENSMUSG00000027584.16,Oprl1,chr2,+,181716501,181716535,181715066,181715229,181718376,181718732,45577,"12,10,16","1,6,4","10,7,5","0,1,0",133,99,6.48E-05,0.020451175,"0.899,0.554,0.749","1.0,0.839,1.0",-0.212,SE
46468,ENSMUSG00000032826.17,Ank2,chr3,-,127248133,127248232,127104760,127104862,127408844,127409031,46468,"93,84,63","1,1,0","73,72,79","3,4,7",198,99,5.75E-05,0.020421746,"0.979,0.977,1.0","0.924,0.9,0.849",0.094,SE
46602,ENSMUSG00000108801.1,Gm39090,chr7,+,127693700,127693802,127691934,127692029,127697081,127697196,46602,"2,2,3","1,0,0","0,0,3","1,2,1",201,99,5.64E-07,0.001367606,"0.496,1.0,1.0","0.0,0.0,0.596",0.633,SE
46818,ENSMUSG00000048603.8,Gm9828,chr13,+,98319073,98319145,98317068,98317609,98321202,98321458,46818,"24,13,14","1,0,0","20,14,9","2,1,5",171,99,6.73E-05,0.020710106,"0.933,1.0,1.0","0.853,0.89,0.51",0.227,SE
46851,ENSMUSG00000019989.8,Enpp3,chr10,-,24820571,24820632,24817125,24817964,24824802,24824928,46851,"5,1,1","0,0,0","3,6,2","1,3,1",160,99,0.000130979,0.029339883,"1.0,1.0,1.0","0.65,0.553,0.553",0.415,SE
46855,ENSMUSG00000052446.17,Zfp961,chr8,+,71965793,71965916,71951065,71951160,71967898,71969926,46855,"12,19,10","1,4,5","10,19,18","0,0,2",222,99,0.000177606,0.034235566,"0.843,0.679,0.471","1.0,1.0,0.801",-0.269,SE
47808,ENSMUSG00000052609.9,Plekhg3,chr12,+,76547788,76547867,76547042,76547186,76560128,76560518,47808,"10,0,2","19,3,8","0,0,0","3,1,3",178,99,4.29E-05,0.017682352,"0.226,0.0,0.122","0.0,0.0,0.0",0.116,SE
47820,ENSMUSG00000032580.12,Rbm5,chr9,-,107750007,107750092,107749707,107749799,107750462,107750548,47820,"370,418,356","8,10,12","397,443,379","6,3,0",184,99,0.000131805,0.029339883,"0.961,0.957,0.941","0.973,0.988,1.0",-0.034,SE
47862,ENSMUSG00000022099.17,Dmtn,chr14,-,70626738,70626868,70618238,70618408,70635819,70636048,47862,"174,169,112","13,13,4","295,157,136","8,3,1",229,99,0.000241616,0.042960745,"0.853,0.849,0.924","0.941,0.958,0.983",-0.085,SE
48150,ENSMUSG00000027332.11,Ivd,chr2,+,118877660,118877765,118876432,118876969,118877874,118877900,48150,"65,164,39","70,25,31","298,140,116","0,24,22",204,99,7.34E-05,0.021026827,"0.311,0.761,0.379","1.0,0.739,0.719",-0.336,SE
48163,ENSMUSG00000022332.7,Khdrbs3,chr15,+,69024699,69024839,68995051,68995170,69049378,69049461,48163,"9,8,5","0,3,0","2,7,4","4,5,5",239,99,0.000139088,0.029882974,"1.0,0.525,1.0","0.172,0.367,0.249",0.579,SE
48528,ENSMUSG00000033004.15,Mycbp2,chr14,-,103169856,103170012,103155123,103156767,103172566,103172689,48528,"408,424,270","44,36,17","468,378,354","21,17,8",255,99,1.74E-05,0.01108693,"0.783,0.821,0.86","0.896,0.896,0.945",-0.091,SE
48713,ENSMUSG00000010651.4,Acaa1b,chr9,-,119153669,119153712,119151815,119151914,119153925,119154005,48713,"0,1,0","1,1,2","5,3,2","0,1,2",142,99,1.87E-06,0.003498653,"0.0,0.411,0.0","1.0,0.677,0.411",-0.559,SE
81,ENSMUSG00000042918.17,Mamstr,chr7,+,45642747,45643324,45642747,45642929,45643236,45643324,81,"7,1,2","0,0,0","4,8,6","1,2,2",406,99,5.88E-06,0.002505014,"1.0,1.0,1.0","0.494,0.494,0.422",0.53,RI
419,ENSMUSG00000031939.16,Taf1d,chr9,+,15313989,15314264,15313989,15314032,15314230,15314264,419,"7,6,5","28,47,37","14,16,19","30,37,28",297,99,6.83E-05,0.014585084,"0.077,0.041,0.043","0.135,0.126,0.184",-0.095,RI
560,ENSMUSG00000068329.12,Htra2,chr6,-,83052697,83053070,83052697,83052726,83053037,83053070,560,"51,54,53","13,24,11","70,66,60","5,6,5",410,99,4.16E-05,0.01146637,"0.486,0.352,0.538","0.772,0.726,0.743",-0.288,RI
997,ENSMUSG00000025498.15,Irf7,chr7,-,141264492,141264783,141264492,141264655,141264724,141264783,997,"0,1,3","5,3,0","2,3,5","0,1,1",168,99,0.000182983,0.026672411,"0.0,0.164,1.0","1.0,0.639,0.747",-0.407,RI
1138,ENSMUSG00000040310.12,Alx4,chr2,+,93675295,93681339,93675295,93675424,93677231,93681339,1138,"6,15,11","0,0,1","5,10,8","1,2,2",1906,99,6.15E-05,0.014585084,"1.0,1.0,0.364","0.206,0.206,0.172",0.593,RI
1251,ENSMUSG00000064120.13,Mocs1,chr17,+,49454029,49455435,49454029,49454201,49455256,49455435,1251,"6,9,5","1,1,1","6,11,6","0,0,1",1154,99,0.000166681,0.025814789,"0.34,0.436,0.3","1.0,1.0,0.34",-0.421,RI
1731,ENSMUSG00000021134.17,Srsf5,chr12,+,80947795,80949168,80947795,80947865,80949094,80949168,1731,"188,204,209","524,574,523","218,288,228","492,386,374",1328,99,1.47E-05,0.004549376,"0.026,0.026,0.029","0.032,0.053,0.043",-0.016,RI
1882,ENSMUSG00000011658.15,Fuz,chr7,+,44897519,44898700,44897519,44897624,44898502,44898700,1882,"27,17,36","14,16,23","15,7,11","27,31,20",977,99,3.01E-06,0.002488096,"0.163,0.097,0.137","0.053,0.022,0.053",0.09,RI
2151,ENSMUSG00000040701.16,Ap1g2,chr14,-,55103202,55103507,55103202,55103258,55103408,55103507,2151,"1,0,0","4,5,3","5,4,7","5,4,7",249,99,5.18E-06,0.002505014,"0.09,0.0,0.0","0.284,0.284,0.284",-0.254,RI
2256,ENSMUSG00000003345.16,Csnk1g2,chr10,+,80638009,80638309,80638009,80638079,80638160,80638309,2256,"14,17,13","215,149,151","5,6,7","257,176,193",180,99,7.06E-05,0.014585084,"0.035,0.059,0.045","0.011,0.018,0.02",0.03,RI
2572,ENSMUSG00000037266.18,Rsrp1,chr4,+,134925292,134926818,134925292,134925432,134926734,134926818,2572,"44,63,39","144,97,44","50,44,38","309,156,147",1401,99,1.47E-07,0.000249674,"0.021,0.044,0.059","0.011,0.02,0.018",0.025,RI
2605,ENSMUSG00000039048.15,Foxred1,chr9,-,35209037,35210165,35209037,35209156,35209944,35210165,2605,"1,4,2","2,2,1","4,3,4","0,1,0",887,99,9.84E-05,0.017408956,"0.053,0.182,0.182","1.0,0.251,1.0",-0.611,RI
2718,ENSMUSG00000075570.2,Krt26,chr11,-,99335194,99336567,99335194,99335351,99336484,99336567,2718,"1,3,5","0,0,1","0,1,1","1,3,0",1232,99,0.000212153,0.027669172,"1.0,1.0,0.287","0.0,0.026,1.0",0.42,RI
3013,ENSMUSG00000019320.13,Noxo1,chr17,+,24699543,24700015,24699543,24699657,24699897,24700015,3013,"3,5,5","7,5,1","0,0,0","5,4,6",339,99,6.07E-06,0.002505014,"0.111,0.226,0.594","0.0,0.0,0.0",0.31,RI
3394,ENSMUSG00000042831.13,Alkbh6,chr7,+,30309480,30310054,30309480,30309559,30310027,30310054,3394,"82,94,42","0,0,0","80,92,64","3,1,4",567,99,8.17E-05,0.015569718,"1.0,1.0,1.0","0.823,0.941,0.736",0.167,RI
3574,ENSMUSG00000044551.13,9930012K11Rik,chr14,-,70156160,70156518,70156160,70156276,70156415,70156518,3574,"2,4,2","4,1,6","0,0,0","5,6,4",238,99,0.000130727,0.021596156,"0.172,0.625,0.122","0.0,0.0,0.0",0.306,RI
3629,ENSMUSG00000032596.14,Uba7,chr9,+,107981203,107981581,107981203,107981296,107981517,107981581,3629,"3,6,3","2,3,1","3,1,2","0,0,0",320,99,2.02E-07,0.000249674,"0.317,0.382,0.481","1.0,1.0,1.0",-0.607,RI
3652,ENSMUSG00000019802.13,Sec63,chr10,+,42796205,42798855,42796205,42796264,42798746,42798855,3652,"3,3,2","0,0,0","7,2,2","2,1,0",2581,99,1.21E-05,0.004292292,"1.0,1.0,1.0","0.118,0.071,1.0",0.604,RI
3665,ENSMUSG00000044252.17,Osbpl1a,chr18,-,12755327,12756307,12755327,12756095,12756187,12756307,3665,"5,11,4","67,66,46","1,1,2","76,58,49",191,99,0.000199642,0.027484037,"0.037,0.08,0.043","0.007,0.009,0.021",0.041,RI
291,ENSMUSG00000028651.12,Ppie,chr4,-,123136800,123136898,123136871,123136898,123135595,123135677,291,"3,1,2","60,43,27","14,6,2","40,34,25",170,99,0.000123484,0.0193373,"0.028,0.013,0.041","0.169,0.093,0.045",-0.075,A5SS
554,ENSMUSG00000051736.8,Fam229b,chr10,-,39133811,39133900,39133822,39133900,39132246,39132378,554,"0,0,2","32,57,28","3,6,4","37,47,38",110,99,0.000322363,0.033349919,"0.0,0.0,0.06","0.068,0.103,0.087",-0.066,A5SS
555,ENSMUSG00000051736.8,Fam229b,chr10,-,39133811,39133900,39133878,39133900,39132246,39132378,555,"0,0,2","8,6,3","3,6,4","5,4,4",166,99,4.97E-05,0.010194389,"0.0,0.0,0.284","0.264,0.472,0.374",-0.275,A5SS
657,ENSMUSG00000022124.15,Fbxl3,chr14,-,103095192,103095541,103095336,103095541,103092303,103092426,657,"235,189,170","20,11,6","276,168,157","37,30,16",243,99,0.000258114,0.028142756,"0.827,0.875,0.92","0.752,0.695,0.8",0.125,A5SS
839,ENSMUSG00000040687.16,Madd,chr2,-,91158404,91158488,91158416,91158488,91157984,91158143,839,"178,135,110","77,56,56","129,105,98","109,91,60",111,99,0.000259665,0.028142756,"0.673,0.683,0.637","0.514,0.507,0.593",0.126,A5SS
1024,ENSMUSG00000001909.15,Trmt1,chr8,+,84689256,84689376,84689256,84689349,84689707,84689908,1024,"16,19,9","2,2,4","18,14,18","0,0,1",126,99,0.000187384,0.023693666,"0.863,0.882,0.639","1.0,1.0,0.934",-0.183,A5SS
1056,ENSMUSG00000004221.16,Ikbkg,chrX,+,74427761,74427902,74427761,74427874,74432804,74433006,1056,"0,0,1","8,4,2","1,4,2","1,2,1",127,99,5.68E-06,0.002155256,"0.0,0.0,0.28","0.438,0.609,0.609",-0.459,A5SS
1307,ENSMUSG00000053332.13,Gas5,chr1,+,161036819,161037164,161036819,161036852,161037287,161037315,1307,"164,127,103","369,285,228","141,94,87","505,335,274",411,99,0.000343473,0.033988919,"0.097,0.097,0.098","0.063,0.063,0.071",0.032,A5SS
1502,ENSMUSG00000028107.14,Tars2,chr3,-,95748486,95750417,95750338,95750417,95748041,95748140,1502,"97,99,61","1,0,1","58,79,69","10,1,4",1951,99,3.32E-05,0.007553825,"0.831,1.0,0.756","0.227,0.8,0.467",0.364,A5SS
1544,ENSMUSG00000061461.11,Smim20,chr5,+,53268022,53268331,53268022,53268070,53277142,53277199,1544,"3,3,2","0,1,0","2,3,2","0,1,4",360,99,0.000380592,0.034649092,"1.0,0.452,1.0","1.0,0.452,0.121",0.293,A5SS
1622,ENSMUSG00000078700.10,D030028A08Rik,chr11,+,96959553,96960281,96959553,96959615,96960860,96960996,1622,"17,19,16","2,1,3","11,18,2","1,0,0",765,99,0.000127443,0.0193373,"0.524,0.711,0.408","0.587,1.0,1.0",-0.315,A5SS
1738,ENSMUSG00000048482.14,Bdnf,chr2,+,109675896,109676312,109675896,109676100,109723381,109727007,1738,"7,10,6","2,1,2","9,7,12","1,0,0",311,99,0.000539402,0.045469605,"0.527,0.761,0.488","0.741,1.0,1.0",-0.322,A5SS
1980,ENSMUSG00000025236.11,Adpgk,chr9,+,59310227,59313236,59310227,59310348,59313752,59313851,1980,"49,29,23","4,6,4","41,45,22","1,0,1",2987,99,0.000255273,0.028142756,"0.289,0.138,0.16","0.576,1.0,0.422",-0.47,A5SS
2229,ENSMUSG00000002320.15,Tm9sf1,chr14,-,55640966,55641588,55641269,55641588,55640384,55640570,2229,"56,68,50","1,0,2","59,47,41","7,6,4",402,99,1.04E-05,0.00338726,"0.932,1.0,0.86","0.675,0.659,0.716",0.247,A5SS
2316,ENSMUSG00000037103.8,Dcaf15,chr8,-,84097622,84097852,84097736,84097852,84097071,84097508,2316,"0,1,3","75,65,62","6,4,6","62,36,41",213,99,0.000428902,0.037545426,"0.0,0.007,0.022","0.043,0.049,0.064",-0.042,A5SS
2358,ENSMUSG00000024118.13,Tedc2,chr17,-,24220516,24220615,24220521,24220615,24220251,24220310,2358,"17,13,6","1,0,0","11,11,4","3,2,2",104,99,0.000371071,0.034649092,"0.942,1.0,1.0","0.777,0.84,0.656",0.223,A5SS
2513,ENSMUSG00000039748.11,Exo1,chr1,+,175881131,175881354,175881131,175881200,175882894,175883068,2513,"1,1,1","0,1,0","0,1,0","1,0,2",253,99,1.98E-06,0.001126035,"1.0,0.281,1.0","0.0,1.0,0.0",0.427,A5SS
2640,ENSMUSG00000030980.17,Knop1,chr7,-,118852402,118853340,118852888,118853340,118848448,118848574,2640,"12,11,5","0,0,0","5,5,3","0,1,5",585,99,2.72E-05,0.007553825,"1.0,1.0,1.0","1.0,0.458,0.092",0.483,A5SS
2661,ENSMUSG00000042042.14,Csgalnact2,chr6,-,118124311,118126338,118126121,118126338,118120944,118121123,2661,"57,41,49","0,0,0","47,30,27","2,3,1",1909,99,7.85E-07,0.000595553,"1.0,1.0,1.0","0.549,0.341,0.583",0.509,A5SS
2832,ENSMUSG00000026792.16,Lrsam1,chr2,-,32940235,32940340,32940240,32940340,32938796,32938884,2832,"0,0,0","62,29,20","3,4,4","25,41,29",104,99,5.70E-05,0.010194389,"0.0,0.0,0.0","0.103,0.085,0.116",-0.101,A5SS
2855,ENSMUSG00000024136.14,Dnase1l2,chr17,-,24442404,24442493,24442457,24442493,24442232,24442316,2855,"2,2,1","0,0,0","1,5,3","5,1,1",152,99,4.66E-06,0.002122657,"1.0,1.0,1.0","0.115,0.765,0.661",0.486,A5SS
2988,ENSMUSG00000032480.17,Dhx30,chr9,-,110115035,110115582,110115490,110115582,110112970,110113090,2988,"155,129,116","9,2,10","163,125,125","0,0,1",554,99,4.36E-08,9.93E-05,"0.755,0.92,0.675","1.0,1.0,0.957",-0.202,A5SS
3032,ENSMUSG00000043510.12,Hscb,chr5,-,110835974,110836069,110835979,110836069,110830935,110830983,3032,"4,0,2","3,6,1","1,7,3","1,0,1",104,99,0.00017119,0.022919283,"0.559,0.0,0.656","0.488,1.0,0.741",-0.338,A5SS
3061,ENSMUSG00000034858.16,Fam214a,chr9,+,75023584,75023746,75023584,75023653,75025650,75025847,3061,"4,0,1","109,101,78","14,7,5","70,65,47",192,99,3.70E-07,0.000420535,"0.019,0.0,0.007","0.093,0.053,0.052",-0.057,A5SS
3070,ENSMUSG00000014767.16,Tbp,chr17,+,15501153,15501357,15501153,15501202,15502964,15503128,3070,"10,4,6","6,5,7","2,3,0","5,16,11",254,99,5.82E-05,0.010194389,"0.394,0.238,0.25","0.135,0.068,0.0",0.226,A5SS
3123,ENSMUSG00000023235.14,Ccl25,chr8,+,4327756,4327893,4327756,4327850,4349771,4349894,3123,"0,1,0","1,4,2","1,2,3","2,0,2",142,99,0.000168898,0.022919283,"0.0,0.148,0.0","0.258,1.0,0.511",-0.54,A5SS
3338,ENSMUSG00000030330.15,Ing4,chr6,+,125047210,125047325,125047210,125047316,125047478,125047587,3338,"15,9,7","3,2,3","8,8,10","0,0,0",108,99,3.11E-05,0.007553825,"0.821,0.805,0.681","1.0,1.0,1.0",-0.231,A5SS
70,ENSMUSG00000031485.15,Plpbp,chr8,+,27045799,27045999,27045923,27045999,27045397,27045433,70,"3,3,2","183,151,93","17,11,10","191,180,105",223,99,3.14E-05,0.009193579,"0.007,0.009,0.009","0.038,0.026,0.041",-0.027,A3SS
572,ENSMUSG00000022469.16,Rapgef3,chr15,-,97750005,97750187,97750005,97750154,97750268,97750705,572,"31,11,19","0,0,0","43,25,24","3,5,2",132,99,5.21E-05,0.010508038,"1.0,1.0,1.0","0.915,0.789,0.9",0.132,A3SS
757,ENSMUSG00000068329.12,Htra2,chr6,-,83052697,83052803,83052697,83052726,83053037,83053070,757,"98,114,108","13,24,11","141,124,119","5,6,5",176,99,8.37E-06,0.00469243,"0.809,0.728,0.847","0.941,0.921,0.93",-0.136,A3SS
805,ENSMUSG00000073411.11,H2-D1,chr17,+,35266466,35266514,35266481,35266514,35266186,35266303,805,"20,11,7","389,295,285","2,3,4","283,189,241",114,99,0.000345666,0.045213051,"0.043,0.031,0.021","0.006,0.014,0.014",0.02,A3SS
951,ENSMUSG00000042508.16,Dmtf1,chr5,-,9121781,9122461,9121781,9121937,9124441,9124527,951,"45,13,15","151,175,107","8,7,4","172,132,147",623,99,7.70E-07,0.001043565,"0.045,0.012,0.022","0.007,0.008,0.004",0.02,A3SS
1109,ENSMUSG00000041570.14,Camsap2,chr1,-,136274800,136274900,136274800,136274873,136276537,136276758,1109,"18,36,29","324,352,300","18,13,10","355,364,278",126,99,0.000345215,0.045213051,"0.042,0.074,0.071","0.038,0.027,0.027",0.032,A3SS
1264,ENSMUSG00000034771.15,Tle2,chr10,+,81590224,81590473,81590352,81590473,81589419,81589496,1264,"16,22,19","0,0,0","20,5,11","3,2,2",227,99,1.30E-05,0.005100946,"1.0,1.0,1.0","0.744,0.522,0.706",0.343,A3SS
1296,ENSMUSG00000065990.12,Aurkaip1,chr4,+,155831892,155832070,155831982,155832070,155831668,155831766,1296,"4,7,4","2,3,2","3,4,4","0,0,0",189,99,1.54E-06,0.001515013,"0.512,0.55,0.512","1.0,1.0,1.0",-0.475,A3SS
1316,ENSMUSG00000052581.13,Lrrtm4,chr6,+,80019553,80019706,80019623,80019706,80018917,80019186,1316,"2,0,0","5,13,8","7,4,4","9,10,13",169,99,0.000105418,0.017235827,"0.19,0.0,0.0","0.313,0.19,0.153",-0.155,A3SS
1321,ENSMUSG00000001120.15,Pcbp3,chr10,-,76770960,76771039,76770960,76771036,76781831,76781873,1321,"68,69,61","24,16,14","94,64,50","59,36,35",102,99,3.34E-05,0.009193579,"0.733,0.807,0.809","0.607,0.633,0.581",0.176,A3SS
1715,ENSMUSG00000026648.18,Dclre1c,chr2,+,3436988,3437090,3437029,3437090,3436437,3436493,1715,"21,20,17","9,6,0","22,21,18","0,2,0",140,99,7.50E-05,0.013368928,"0.623,0.702,1.0","1.0,0.881,1.0",-0.185,A3SS
1716,ENSMUSG00000026648.18,Dclre1c,chr2,+,3437001,3437090,3437029,3437090,3436437,3436493,1716,"11,6,7","9,6,0","7,9,10","0,2,0",127,99,0.000258308,0.038984626,"0.488,0.438,1.0","1.0,0.778,1.0",-0.284,A3SS
1797,ENSMUSG00000001909.15,Trmt1,chr8,+,84689631,84689908,84689707,84689908,84689282,84689349,1797,"4,4,8","2,2,4","8,5,5","0,0,1",175,99,1.09E-05,0.004749187,"0.531,0.531,0.531","1.0,1.0,0.739",-0.382,A3SS
1861,ENSMUSG00000033767.14,Tmem131l,chr3,-,83900326,83900418,83900326,83900415,83901345,83901466,1861,"17,24,12","6,4,4","20,17,19","0,0,2",102,99,2.19E-05,0.007812584,"0.733,0.853,0.744","1.0,1.0,0.902",-0.191,A3SS
2213,ENSMUSG00000026825.17,Dnm1,chr2,-,32308470,32310487,32308470,32309064,32312126,32312342,2213,"309,234,190","125,106,92","292,228,174","227,155,108",1522,99,0.000191398,0.030041812,"0.139,0.126,0.118","0.077,0.087,0.095",0.041,A3SS
2291,ENSMUSG00000034570.12,Inpp5j,chr11,-,3494381,3495261,3494381,3494574,3495346,3495451,2291,"16,9,12","1,1,0","6,2,5","3,2,1",786,99,5.44E-05,0.010508038,"0.668,0.531,1.0","0.201,0.112,0.386",0.5,A3SS
2570,ENSMUSG00000009894.15,Snap47,chr11,-,59442791,59442912,59442791,59442841,59449792,59449916,2570,"2,4,4","2,1,4","9,2,4","0,0,1",170,99,2.10E-06,0.001648448,"0.368,0.7,0.368","1.0,1.0,0.7",-0.421,A3SS
2726,ENSMUSG00000029022.18,Miip,chr4,-,147860790,147861085,147860790,147861013,147861353,147861491,2726,"15,19,21","5,7,6","23,23,10","2,0,1",171,99,3.03E-05,0.009193579,"0.635,0.611,0.67","0.869,1.0,0.853",-0.269,A3SS
2903,ENSMUSG00000000131.15,Xpo6,chr7,-,126129547,126129640,126129547,126129637,126131025,126131134,2903,"134,181,132","10,9,9","131,142,122","21,16,22",102,99,0.000278092,0.040416012,"0.929,0.951,0.934","0.858,0.896,0.843",0.072,A3SS
2938,ENSMUSG00000031626.17,Sorbs2,chr8,+,45823728,45823835,45823758,45823835,45819718,45819768,2938,"172,141,132","29,31,27","284,157,127","24,15,10",129,99,4.38E-05,0.01011776,"0.82,0.777,0.79","0.901,0.889,0.907",-0.103,A3SS
3862,ENSMUSG00000016028.10,Celsr1,chr15,-,85901438,85901672,85901438,85901669,85902114,85902264,3862,"6,5,1","1,0,1","1,2,1","1,2,5",102,99,3.51E-05,0.009193579,"0.853,1.0,0.493","0.493,0.493,0.163",0.399,A3SS
3902,ENSMUSG00000037266.18,Rsrp1,chr4,+,134926025,134926818,134926734,134926818,134925292,134925432,3902,"59,69,48","144,97,44","71,58,48","309,156,147",808,99,7.98E-07,0.001043565,"0.048,0.08,0.118","0.027,0.044,0.038",0.046,A3SS
3903,ENSMUSG00000037266.18,Rsrp1,chr4,+,134926025,134926818,134926734,134926818,134925776,134925821,3903,"45,66,52","1,0,0","53,48,39","1,4,4",808,99,1.06E-05,0.004749187,"0.846,1.0,1.0","0.867,0.595,0.544",0.28,A3SS
4124,ENSMUSG00000030979.13,Uros,chr7,-,133690507,133691166,133690507,133690593,133697668,133697743,4124,"98,85,70","0,0,0","94,81,63","1,4,2",672,99,0.000369724,0.046799902,"1.0,1.0,1.0","0.933,0.749,0.823",0.165,A3SS
4372,ENSMUSG00000027605.18,Acss2,chr2,+,155573155,155573245,155573162,155573245,155561745,155561820,4372,"2,0,2","5,3,1","1,1,3","0,1,0",106,99,6.84E-06,0.004475303,"0.272,0.0,0.651","1.0,0.483,1.0",-0.52,A3SS
4507,ENSMUSG00000042472.11,Zfp410,chr12,+,84325570,84325789,84325602,84325789,84322883,84323019,4507,"64,97,58","1,10,6","67,69,54","0,0,2",131,99,4.16E-05,0.01011776,"0.98,0.88,0.88","1.0,1.0,0.953",-0.071,A3SS
4636,ENSMUSG00000022255.16,Mtdh,chr15,+,34114023,34118110,34117879,34118110,34099483,34099585,4636,"331,347,267","2,0,0","336,364,220","4,4,1",3955,99,0.000389788,0.047797757,"0.806,1.0,1.0","0.678,0.695,0.846",0.196,A3SS
4645,ENSMUSG00000030889.14,Vwa3a,chr7,+,120804896,120805541,120804918,120805541,120804473,120804539,4645,"0,2,0","3,0,1","5,4,2","0,1,0",121,99,9.28E-05,0.015835669,"0.0,1.0,0.0","1.0,0.766,1.0",-0.589,A3SS
4875,ENSMUSG00000025409.14,Mbd6,chr10,-,127283525,127283942,127283525,127283939,127284042,127284212,4875,"0,0,0","4,1,1","2,3,0","0,2,1",102,99,0.000317552,0.044502599,"0.0,0.0,0.0","1.0,0.593,0.0",-0.531,A3SS
5039,ENSMUSG00000000600.15,Krit1,chr5,+,3806418,3806568,3806464,3806568,3803183,3803483,5039,"53,32,21","12,16,16","61,66,28","0,3,1",145,99,2.67E-11,1.05E-07,"0.751,0.577,0.473","1.0,0.938,0.95",-0.362,A3SS
5460,ENSMUSG00000032596.14,Uba7,chr9,+,107981389,107981581,107981517,107981581,107981203,107981296,5460,"7,8,8","2,3,1","8,2,1","0,0,0",227,99,4.65E-05,0.010137545,"0.604,0.538,0.777","1.0,1.0,1.0",-0.36,A3SS
5670,ENSMUSG00000022075.7,Rhobtb2,chr14,-,69796273,69798324,69796273,69797292,69799677,69799781,5670,"151,181,137","2,4,5","238,149,170","1,0,1",1131,99,5.62E-05,0.010508038,"0.869,0.798,0.706","0.954,1.0,0.937",-0.173,A3SS
